name,alt,group,tvg_id,tvg_name,category,source,playlist_url,url,elapsed_ms,speed_score,final_ok
American Horrors,,Movies,AmericanHorrors.us,,电影综合,IPTV-Nexus:3,https://dearbulut.github.io/iptv/playlists/category/movies.m3u,http://107.167.7.162:8081/playlist/amhor/playlist.m3u8,793,,True
&TV,,Movies,AndTV.in,,电影综合,IPTV-Nexus:3,https://dearbulut.github.io/iptv/playlists/category/movies.m3u,http://202.70.146.135:8000/play/a06c/index.m3u8,1270,,True
Armenia Premium,,Movies,ArmeniaPremium.am,,电影综合,IPTV-Nexus:3,https://dearbulut.github.io/iptv/playlists/category/movies.m3u,http://stream.mcquack.net/123/index.m3u8,903,,True
Amedia Hit,,Movies,AmediaHit.ru,,电影综合,IPTV-Nexus:3,https://dearbulut.github.io/iptv/playlists/category/movies.m3u,http://flussonic.linkintel.ru/amedia-hit/index.m3u8,1572,,True
4ever Cinema,,Movies,4everCinema.ua,,电影综合,IPTV-Nexus:3,https://dearbulut.github.io/iptv/playlists/category/movies.m3u,http://stream.mcquack.net/258/index.m3u8,998,,True
24 Hour Free Movies,,Movies,24HourFreeMovies.us,,电影综合,IPTV-Nexus:3,https://dearbulut.github.io/iptv/playlists/category/movies.m3u,https://d1j2u714xk898n.cloudfront.net/scheduler/scheduleMaster/145.m3u8,1860,,True
AMC,,Movies,AMC.us,,电影综合,IPTV-Nexus:3,https://dearbulut.github.io/iptv/playlists/category/movies.m3u,http://41.205.93.154/AMC/index.m3u8,1310,,True
00s Replay,,Movies,00sReplay.us,,电影综合,IPTV-Nexus:3,https://dearbulut.github.io/iptv/playlists/category/movies.m3u,https://jmp2.uk/plu-62ba60f059624e000781c436.m3u8,2071,,True
AMC Europe,,Movies,AMCEurope.uk,,电影综合,IPTV-Nexus:3,https://dearbulut.github.io/iptv/playlists/category/movies.m3u,http://88.212.15.19/live/amc_hun/index.m3u8,1098,,True
Allo Cine,,Movies,AlloCine.cm,,电影综合,IPTV-Nexus:3,https://dearbulut.github.io/iptv/playlists/category/movies.m3u,https://d1yl6bf4hrzbr0.cloudfront.net/v1/master/3722c60a815c199d9c0ef36c5b73da68a62b09d1/cc-5km3zs4zs9sp0/allo.m3u8,2128,,True
Asianet Movies,,Movies,AsianetMovies.in,,电影综合,IPTV-Nexus:3,https://dearbulut.github.io/iptv/playlists/category/movies.m3u,https://da86m1sqpm3o0.cloudfront.net/28072023/smil:asianetmovies1.smil/playlist.m3u8,946,,True
Afra Film,,Movies,AfraFilm.ir,,电影综合,IPTV-Nexus:3,https://dearbulut.github.io/iptv/playlists/category/movies.m3u,https://afrafhls.wns.live/hls/stream.m3u8,1795,,True
AVI Rewind,,Movies,AVIRewind.us,,电影综合,IPTV-Nexus:3,https://dearbulut.github.io/iptv/playlists/category/movies.m3u,http://45.70.201.81:8000/play/a010/index.m3u8,768,,True
90s Throwback,,Movies,90sThrowback.us,,电影综合,IPTV-Nexus:3,https://dearbulut.github.io/iptv/playlists/category/movies.m3u,https://jmp2.uk/plu-5f4d86f519358a00072b978e.m3u8,2194,,True
Adrenalina Pura TV,,Movies,AdrenalinaPuraTV.us,,电影综合,IPTV-Nexus:3,https://dearbulut.github.io/iptv/playlists/category/movies.m3u,https://jmp2.uk/plu-61b793ccf571b80007b7a610.m3u8,2366,,True
ABN Bible Movies Channel,Aramaic Broadcasting Network,US,ABNBibleMoviesChannel.us,,电影综合,iptv-org,,https://mediaserver.abnvideos.com/streams/abnbiblemovies.m3u8,1693,,True
AXN Black,,Movies,AXNBlack.us,,电影综合,IPTV-Nexus:3,https://dearbulut.github.io/iptv/playlists/category/movies.m3u,http://185.227.34.179:8080/axn-black/index.m3u8,827,,True
70s Cinema,,Movies,70sCinema.us,,电影综合,IPTV-Nexus:3,https://dearbulut.github.io/iptv/playlists/category/movies.m3u,https://jmp2.uk/plu-5f4d878d3d19b30007d2e782.m3u8,2677,,True
80s Rewind,,Movies,80sRewind.us,,电影综合,IPTV-Nexus:3,https://dearbulut.github.io/iptv/playlists/category/movies.m3u,https://jmp2.uk/plu-5ca525b650be2571e3943c63.m3u8,2701,,True
AXN Latin America,,Movies,AXNLatinAmerica.us,,电影综合,IPTV-Nexus:3,https://dearbulut.github.io/iptv/playlists/category/movies.m3u,http://15.204.246.24:8080/AXNHD/index.m3u8,724,,True
AXN Asia,,Movies,AXNAsia.sg,,电影综合,IPTV-Nexus:3,https://dearbulut.github.io/iptv/playlists/category/movies.m3u,http://125.227.210.55:4050/VideoInput/play.ts,1938,,True
AXN Adria,,Movies,AXNAdria.us,,电影综合,IPTV-Nexus:3,https://dearbulut.github.io/iptv/playlists/category/movies.m3u,http://5.57.74.130:8000/play/a0at/index.m3u8,960,,True
B4U Kadak,,Movies,B4UKadak.in,,电影综合,IPTV-Nexus:3,https://dearbulut.github.io/iptv/playlists/category/movies.m3u,http://107.167.16.138/b4ukadak/index.m3u8?token=test,762,,True
AXN CEE,,Movies,AXNCEE.es,,电影综合,IPTV-Nexus:3,https://dearbulut.github.io/iptv/playlists/category/movies.m3u,http://88.212.15.19/live/axn_hun/index.m3u8,829,,True
50 Cent Action,,Movies,50CentAction.us,,电影综合,IPTV-Nexus:3,https://dearbulut.github.io/iptv/playlists/category/movies.m3u,https://jmp2.uk/plu-68487fb3f212bedacf5a53e3.m3u8,2764,,True
AXN Movies,AXN Black Portugal Animax Portugal,PT,AXNMovies.pt,,电影综合,iptv-org,,http://50.7.120.34:8080/AXN_BLACK/index.m3u8,840,,True
3Cat Plats bruts,,Classic,3CatPlatsbruts.es,,电影综合,IPTV-Nexus:4,https://dearbulut.github.io/iptv/playlists/category/classic.m3u,https://fast-tailor.3catdirectes.cat/v1/channel/ccma-channel2/hls.m3u8,2619,,True
AXN Crime,,Movies,AXNCrime.us,,电影综合,IPTV-Nexus:3,https://dearbulut.github.io/iptv/playlists/category/movies.m3u,http://88.212.15.19/live/viasat_film/index.m3u8,836,,True
B4U Bhojpuri,,Movies,B4UBhojpuri.in,,电影综合,IPTV-Nexus:3,https://dearbulut.github.io/iptv/playlists/category/movies.m3u,https://cdnb4u.wiseplayout.com/B4U_Bhojpuri/master.m3u8,1209,,True
B4U Movies,,IN,B4UMovies.in,,电影综合,iptv-org,,https://mumt06.tangotv.in/qYyB8fXVB4UMOVIES/index.m3u8,1342,,True
B4U Movies,,Movies,B4UMovies.in,,电影综合,IPTV-Nexus:3,https://dearbulut.github.io/iptv/playlists/category/movies.m3u,https://cdn.pishow.tv/ott/live/419/master.m3u8,1433,,True
Bhojpuri Cinema,,IN,BhojpuriCinema.in,,电影综合,iptv-org,,https://mumt05.tangotv.in/87NeALx2BHOJPURICINEMA/index.m3u8,1538,,True
B4U Movies,,IN,B4UMovies.in,,电影综合,iptv-org,,https://streams.tangotv.in/B4UMOVIES/ORIGIN/index.m3u8,1675,,True
Bhojpuri Cinema,,IN,BhojpuriCinema.in,,电影综合,iptv-org,,https://cdn.pishow.tv/ott/live/1033/master.m3u8,1209,,True
Bigtime,Bigtime - Darmowe Filmy,PL,Bigtime.pl,,电影综合,iptv-org,,https://103f01c3ff79408e83c9212f8a374ecc.mediatailor.us-east-1.amazonaws.com/v1/master/0fb304b2320b25f067414d481a779b77db81760d/RakutenTV-eu_BjgtjmeDarmoweFilmy/playlist.m3u8,1146,,True
Aurora Media Films,,Movies,AuroraMediaFilms.gt,,电影综合,IPTV-Nexus:3,https://dearbulut.github.io/iptv/playlists/category/movies.m3u,https://cdn.streamhispanatv.net:3417/live/auroramflive.m3u8,1520,,True
Battlestar Galactica,,Movies,BattlestarGalactica.us,,电影综合,IPTV-Nexus:3,https://dearbulut.github.io/iptv/playlists/category/movies.m3u,https://jmp2.uk/plu-69d7ebff029c431826bd328e.m3u8,1780,,True
Bhojpuri Cinema,,IN,BhojpuriCinema.in,,电影综合,iptv-org,,https://live-bhojpuri.akamaized.net/liveabr/playlist.m3u8,1144,,True
Bhojpuri Cinema,,Movies,BhojpuriCinema.in,,电影综合,IPTV-Nexus:3,https://dearbulut.github.io/iptv/playlists/category/movies.m3u,https://streams.tangotv.in/BHOJPURICINEMA/ORIGIN/index.m3u8,1752,,True
Bollywood,,Movies,Bollywood.ru,,电影综合,IPTV-Nexus:3,https://dearbulut.github.io/iptv/playlists/category/movies.m3u,http://str2.iptvhd.ru:8080/Bollywood_HD/index.m3u8,964,,True
Beverly Hillbillies,,Classic,BeverlyHillbillies.us,,电影综合,IPTV-Nexus:4,https://dearbulut.github.io/iptv/playlists/category/classic.m3u,https://jmp2.uk/plu-5f7796e470510900070d4e3d.m3u8,2012,,True
AWTV,,Classic,AWTV.br,,电影综合,IPTV-Nexus:4,https://dearbulut.github.io/iptv/playlists/category/classic.m3u,https://awtv.nuvemplay.live/hls/stream.m3u8,1808,,True
Bolt,,Movies,Bolt.ua,,电影综合,IPTV-Nexus:3,https://dearbulut.github.io/iptv/playlists/category/movies.m3u,http://stream.mcquack.net/73/index.m3u8,862,,True
BIG BROTHER CLASSIC,,DE,BIGBROTHERCLASSIC.de,,电影综合,iptv-org,,https://jmp2.uk/plu-663e09e4b18d700008e48dcf.m3u8,2307,,True
BET Visionaries,,Movies,BETVisionaries.us,,电影综合,IPTV-Nexus:3,https://dearbulut.github.io/iptv/playlists/category/movies.m3u,https://jmp2.uk/plu-663946c1b18d700008d9c168.m3u8,2058,,True
BET Comedy Movies,,Movies,BETComedyMovies.us,,电影综合,IPTV-Nexus:3,https://dearbulut.github.io/iptv/playlists/category/movies.m3u,https://jmp2.uk/plu-68c32d88f56983aba40052bd.m3u8,2497,,True
BRIDGE Classic,,RU,BRIDGEClassic.ru,,电影综合,iptv-org,,http://5.188.159.128:8070/Bridge_TV_Classic/index.m3u8,766,,True
BS Film,,PK,BSFilm.pk,,电影综合,iptv-org,,https://lbgo.bozztv.com/ssh101/ssh101/bsfilm/playlist.m3u8,1121,,True
BRIDGE Classic,,Classic,BRIDGEClassic.ru,,电影综合,IPTV-Nexus:4,https://dearbulut.github.io/iptv/playlists/category/classic.m3u,http://str2.iptvhd.ru:8080/Bridge_TV_Classic/index.m3u8,973,,True
BET Cinema,,Movies,BETCinema.us,,电影综合,IPTV-Nexus:3,https://dearbulut.github.io/iptv/playlists/category/movies.m3u,https://jmp2.uk/plu-58af4c093a41ca9d4ecabe96.m3u8,2917,,True
BRIDGE Classic,,RU,BRIDGEClassic.ru,,电影综合,iptv-org,,http://stream.mcquack.net/272/index.m3u8,903,,True
BS Film,,PK,BSFilm.pk,,电影综合,iptv-org,,https://live20.bozztv.com/akamaissh101/ssh101/bsfilm/playlist.m3u8,1136,,True
Canal+ Cinemas,Canal+ Cinéma(s),FR,CanalPlusCinemas.fr,,电影综合,iptv-org,,http://151.80.18.177:86/Canal+_cinema_HD/index.m3u8,870,,True
BIZ Cinema,,UZ,BIZCinema.uz,,电影综合,iptv-org,,https://stream8.cinerama.uz/1213/tracks-v1a1/mono.m3u8,1684,,True
Boreal,,Movies,Boreal.do,,电影综合,IPTV-Nexus:3,https://dearbulut.github.io/iptv/playlists/category/movies.m3u,https://edge.essastream.com/borealtelevision/tracks-v1a1/mono.m3u8,1262,,True
Canal+ Action Europe,,Movies,CanalPlusActionEurope.nl,,电影综合,IPTV-Nexus:3,https://dearbulut.github.io/iptv/playlists/category/movies.m3u,http://151.80.18.177:86/Canal+_Family_HD/index.m3u8,877,,True
Canal Cine Dios,,Movies,CanalCineDios.co,,电影综合,IPTV-Nexus:3,https://dearbulut.github.io/iptv/playlists/category/movies.m3u,https://canal.mediaserver.com.co/live/cinedios.m3u8,1421,,True
Charge!,,Movies,Charge.us,,电影综合,IPTV-Nexus:3,https://dearbulut.github.io/iptv/playlists/category/movies.m3u,https://fast-channels.sinclairstoryline.com/CHARGE/index.m3u8,1151,,True
Bonanza,,Movies,Bonanza.us,,电影综合,IPTV-Nexus:3,https://dearbulut.github.io/iptv/playlists/category/movies.m3u,https://jmp2.uk/plu-68e9913c4a666b9054849832.m3u8,2174,,True
BIZ Cinema,,Movies,BIZCinema.uz,,电影综合,IPTV-Nexus:3,https://dearbulut.github.io/iptv/playlists/category/movies.m3u,https://fl.biztv.media/cinema_720_EMfSyXgoRdiIHgldXTZICucKTIeCKO/index.m3u8,1941,,True
Bollywood Film,,Movies,BollywoodFilm.ro,,电影综合,IPTV-Nexus:3,https://dearbulut.github.io/iptv/playlists/category/movies.m3u,https://tvextra-hls.b-cdn.net/bollywoodfilm/bollywoodfilm.m3u8,1853,,True
Cinema,,MN,Cinema.mn,,电影综合,iptv-org,,https://cdn4.skygo.mn/live/disk1/CinemaTV/HLSv3-FTA/CinemaTV.m3u8,794,,True
CCTV-6,CCTV-6 电影,CN,CCTV6.cn,,电影综合,iptv-org,,http://69.30.245.50/live/cctv6.m3u8,1282,,True
Cafe Film,,Movies,CafeFilm.ir,,电影综合,IPTV-Nexus:3,https://dearbulut.github.io/iptv/playlists/category/movies.m3u,https://cafefhls.wns.live/hls/stream.m3u8,1397,,True
BRIDGE Classic,,RU,BRIDGEClassic.ru,,电影综合,iptv-org,,https://fs.uplink.kz/bridge_classic/mono.m3u8?token=onlinetv,1591,,True
Cinema,,MN,Cinema.mn,,电影综合,iptv-org,,https://cdn1.skygo.mn/live/disk1/CinemaTV/HLS-FTA/CinemaTV.m3u8,939,,True
Bollygold,,Movies,Bollygold.in,,电影综合,IPTV-Nexus:3,https://dearbulut.github.io/iptv/playlists/category/movies.m3u,https://jmp2.uk/stvp-IN4000600Q,3032,,True
Cin Cin,,Series,CinCin.de,,电影综合,IPTV-Nexus:4,https://dearbulut.github.io/iptv/playlists/category/classic.m3u,https://jmp2.uk/plu-65cb78b83a116800079e2e35.m3u8,1519,,True
Cine Hispano,,Movies,CineHispano.us,,电影综合,IPTV-Nexus:3,https://dearbulut.github.io/iptv/playlists/category/movies.m3u,http://bantel-cdn1.iptvperu.tv:1935/btnscrtn/cinehispano.stream/playlist.m3u8,1607,,True
Cinema,Cinéma,RU,Cinema.ru,,电影综合,iptv-org,,http://flussonic.linkintel.ru/cinema/index.m3u8,928,,True
Cine Friki,,Movies,CineFriki.es,,电影综合,IPTV-Nexus:3,https://dearbulut.github.io/iptv/playlists/category/movies.m3u,https://zylo-cinefriki-rakuten.amagi.tv/playlist.m3u8,1317,,True
Cinema,Cinéma,RU,Cinema.ru,,电影综合,iptv-org,,http://str2.iptvhd.ru:8080/cinema/index.m3u8,927,,True
Cinemax Hits,,Movies,CinemaxHits.us,,电影综合,IPTV-Nexus:3,https://dearbulut.github.io/iptv/playlists/category/movies.m3u,http://23.237.104.106:8080/USA_MOREMAX/index.m3u8,620,,True
Cine Familiar,,Movies,CineFamiliar.us,,电影综合,IPTV-Nexus:3,https://dearbulut.github.io/iptv/playlists/category/movies.m3u,http://bantel-cdn1.iptvperu.tv:1935/btnscrtn/cinefamiliar.stream/playlist.m3u8,1655,,True
CINDIE TV,,Movies,CINDIETV.br,,电影综合,IPTV-Nexus:3,https://dearbulut.github.io/iptv/playlists/category/movies.m3u,https://cc-hqw8u5r1nshjc.akamaized.net/scheduler/scheduleMaster/352.m3u8,1507,,True
Cine+ Classic,Ciné+ Classic,FR,CinePlusClassic.fr,,电影综合,iptv-org,,http://99.27.51.147/CineClassic/index.m3u8,706,,True
CCTV-6,CCTV-6 电影,CN,CCTV6.cn,,电影综合,iptv-org,,http://198.204.240.250:82/live/cctv6.m3u8,2337,,True
Cine Sony,,Movies,CineSony.us,,电影综合,IPTV-Nexus:3,https://dearbulut.github.io/iptv/playlists/category/movies.m3u,https://a-cdn.klowdtv.com/live1/cine_720p/playlist.m3u8,1146,,True
Cine Premium,,Movies,CinePremium.us,,电影综合,IPTV-Nexus:3,https://dearbulut.github.io/iptv/playlists/category/movies.m3u,http://bantel-cdn1.iptvperu.tv:1935/btnscrtn/cinepremium.stream/playlist.m3u8,817,,True
Bollywood HD,,Movies,BollywoodHD.ro,,电影综合,IPTV-Nexus:3,https://dearbulut.github.io/iptv/playlists/category/movies.m3u,https://xykt-fix.github.io/cinerama_edge01/hls/BOLLYWOOD_RU/Movie009.m3u8,880,,True
Cine Adrenalina,,Movies,CineAdrenalina.us,,电影综合,IPTV-Nexus:3,https://dearbulut.github.io/iptv/playlists/category/movies.m3u,https://jmp2.uk/plu-5d8d164d92e97a5e107638d2.m3u8,1904,,True
CND Film Middle School Channel,中央新影-中学生,CN,CNDFilmMiddleSchoolChannel.cn,,电影综合,iptv-org,,http://live-play.zxstv.com.cn/zhongxuesheng/zhongxuesheng.m3u8,140,,True
Classic Music,,RU,ClassicMusic.ru,,电影综合,iptv-org,,http://stream.mcquack.net/312/index.m3u8,875,,True
Cinevault 80s,,Movies,Cinevault80s.us,,电影综合,IPTV-Nexus:3,https://dearbulut.github.io/iptv/playlists/category/movies.m3u,https://gsn-cinevault-80s-2-us.roku.wurl.tv/playlist.m3u8,1326,,True
Cinevault Westerns,,Classic,CinevaultWesterns.us,,电影综合,IPTV-Nexus:4,https://dearbulut.github.io/iptv/playlists/category/classic.m3u,https://gsn-cinevault-westerns-2-us.roku.wurl.tv/playlist.m3u8,1335,,True
Classic Music,,RU,ClassicMusic.ru,,电影综合,iptv-org,,http://str2.iptvhd.ru:8080/c-music/index.m3u8,906,,True
Cine Premiere,,Movies,CinePremiere.us,,电影综合,IPTV-Nexus:3,https://dearbulut.github.io/iptv/playlists/category/movies.m3u,https://jmp2.uk/plu-5cf968040ab7d8f181e6a68b.m3u8,1801,,True
Cine Thrillers by Pluto TV,Ciné Thrillers by Pluto TV,DE,CineThrillersbyPlutoTV.de,,电影综合,iptv-org,,https://jmp2.uk/plu-60c3472a51a2050008dad272.m3u8,1713,,True
Cine Retro by Pluto TV,Ciné Rétro by Pluto TV,DE,CineRetrobyPlutoTV.de,,电影综合,iptv-org,,https://jmp2.uk/plu-5f8ed168f72fcd0007e56269.m3u8,1809,,True
Classic Cinema,,Movies,ClassicCinema.us,,电影综合,IPTV-Nexus:3,https://dearbulut.github.io/iptv/playlists/category/movies.m3u,https://rpn.bozztv.com/gusa/gusa-classiccinema/index.m3u8,1780,,True
Cine Western,,Movies,CineWestern.es,,电影综合,IPTV-Nexus:3,https://dearbulut.github.io/iptv/playlists/category/movies.m3u,https://d2nq34q0i1r3la.cloudfront.net/v1/master/3722c60a815c199d9c0ef36c5b73da68a62b09d1/cc-awohw8g217ho8/CineWestern_ES.m3u8,1781,,True
Classica,,US,Classica.us,,电影综合,iptv-org,,https://jmp2.uk/plu-5f779951372da90007fd45e8.m3u8,1785,,True
Cinema,Cinéma,RU,Cinema.ru,,电影综合,iptv-org,,https://stream8.cinerama.uz/1227/tracks-v1a1/mono.m3u8,2000,,True
Colors Cineplex Bollywood,,Movies,ColorsCineplexBollywood.in,,电影综合,IPTV-Nexus:3,https://dearbulut.github.io/iptv/playlists/category/movies.m3u,http://202.70.146.135:8000/play/a058/index.m3u8,870,,True
Cine+ Legend,,Movies,CinePlusLegend.ua,,电影综合,IPTV-Nexus:3,https://dearbulut.github.io/iptv/playlists/category/movies.m3u,http://777905.live.tvstitch.com/playlist.m3u8?source=aHR0cDovLzE3Ni4xMjIuMTAzLjI0MTo3MDAwL2NoMzQvdHJhY2tzLXYxYTEvbW9uby5tM3U4P2xpdmU9MSZpcD0xNzguMTM2LjQyLjIyMCZpZD05NDg4NjUmc2VjcmV0PW4xdTd1aTA2JnNzbD0xJjIxeW89MCZlPTE3OTA3NTI2Mzgmc3Q9RHdRc3AyN2l6V3J1dllqUEZ5aS1yUQ%3D%3D&master=568,1881,,True
Classic Arts Showcase,,US,ClassicArtsShowcase.us,,电影综合,iptv-org,,https://classicarts.akamaized.net/hls/live/1024257/CAS/master.m3u8,1769,,True
Doctor Who Classic,,US,DoctorWhoClassic.us,,电影综合,iptv-org,,https://aegis-cloudfront-1.tubi.video/34cd3ae2-bb20-4594-af20-01f241a525ba/playlist.m3u8,963,,True
Classic TV,,Classic,ClassicTV.ir,,电影综合,IPTV-Nexus:4,https://dearbulut.github.io/iptv/playlists/category/classic.m3u,https://clshls.wns.live/hls/stream.m3u8,1352,,True
Classic TV Comedy,,US,ClassicTVComedy.us,,电影综合,iptv-org,,https://jmp2.uk/plu-5f15e32b297f96000768f928.m3u8,1766,,True
Classique TV,,Movies,ClassiqueTV.br,,电影综合,IPTV-Nexus:3,https://dearbulut.github.io/iptv/playlists/category/movies.m3u,https://stmv1.srvif.com/classique/classique/playlist.m3u8,1176,,True
E!,Entertainment Movietime,US,E.us,,电影综合,iptv-org,,http://23.237.104.106:8080/USA_E/index.m3u8,732,,True
Cine+ Hit,,Movies,CinePlusHit.ua,,电影综合,IPTV-Nexus:3,https://dearbulut.github.io/iptv/playlists/category/movies.m3u,http://777905.live.tvstitch.com/playlist.m3u8?source=aHR0cDovLzE3Ni4xMjIuMTAzLjI0MTo3MDAwL2NoNDAvdHJhY2tzLXYyYTEvbW9uby5tM3U4P2xpdmU9MSZpcD0xNzguMTM2LjQyLjIyMCZpZD05NDg4NjUmc2VjcmV0PW4xdTd1aTA2JnNzbD0xJjIxeW89MCZlPTE3OTA3NTI3NDUmc3Q9cVZaQ3Vpd2l3UzEwLW1tMzEwMktDZw%3D%3D&master=539,1913,,True
City Eden Classic Music,Сити Эдем Классическая Музыка,RU,CityEdenClassicMusic.ru,,电影综合,iptv-org,,https://cityeden.catcast.tv/content/47400/index.m3u8,2068,,True
DUST,,Movies,DUST.us,,电影综合,IPTV-Nexus:3,https://dearbulut.github.io/iptv/playlists/category/movies.m3u,https://dqi7ayt2o24fn.cloudfront.net/playlist.m3u8,1056,,True
Classic TV Crime Drama,,Classic,ClassicTVCrimeDrama.us,,电影综合,IPTV-Nexus:4,https://dearbulut.github.io/iptv/playlists/category/classic.m3u,https://jmp2.uk/plu-61325c4f982acd000723287e.m3u8,1946,,True
Classic TV: Families,Pluto TV Classic TV Families,US,ClassicTVFamilies.us,,电影综合,iptv-org,,https://jmp2.uk/plu-61325d18f5166c00081b84e0.m3u8,1630,,True
Enter-Film,Enter-фільм,UA,EnterFilm.ua,,电影综合,iptv-org,,http://stream.mcquack.net/322/index.m3u8,976,,True
Classic TV Drama,,Classic,ClassicTVDrama.us,,电影综合,IPTV-Nexus:4,https://dearbulut.github.io/iptv/playlists/category/classic.m3u,https://jmp2.uk/plu-5f15e3cccf49290007053c67.m3u8,2096,,True
Doctor Who Classic,,US,DoctorWhoClassic.us,,电影综合,iptv-org,,https://bbc-classicdrwho-1-us.roku.wurl.tv/playlist.m3u8,1241,,True
Classic TV: Families,Pluto TV Classic TV Families,US,ClassicTVFamilies.us,,电影综合,iptv-org,,https://jmp2.uk/plu-62e91af00c43540007f2bb43.m3u8,2071,,True
Enter-Film,Enter-фільм,UA,EnterFilm.ua,,电影综合,iptv-org,,http://str2.iptvhd.ru:8080/enter_film_ua/index.m3u8,954,,True
FAN,,Animation,FAN.ru,,电影综合,IPTV-Nexus:3,https://dearbulut.github.io/iptv/playlists/category/movies.m3u,http://stream.mcquack.net/420/index.m3u8,846,,True
Doctor Who Classic,,US,DoctorWhoClassic.us,,电影综合,iptv-org,,https://bbc-classicdrwho-1-us.xumo.wurl.tv/playlist.m3u8,1462,,True
Diagnosis Murder,,Series,DiagnosisMurder.se,,电影综合,IPTV-Nexus:4,https://dearbulut.github.io/iptv/playlists/category/classic.m3u,https://jmp2.uk/plu-668bf7dd74f5ec000817e6d1.m3u8,1925,,True
ETV Cinema,,IN,ETVCinema.in,,电影综合,iptv-org,,https://yupplivegcpusa.yuppcdn.net/100823/smil:etvcinema.smil/playlist.m3u8?hdnts=st=1735898689~exp=1835898688~acl=*~hmac=f5fe24724fe05481e3841f9eb5ab8efdee0a3dd83645ae9dcf45703f525bab7b,904,,True
Doctor Who Classic,,US,DoctorWhoClassic.us,,电影综合,iptv-org,,https://jmp2.uk/plu-5ce4475cd43850831ca91ce7.m3u8,1923,,True
EBS Cinema,,Movies,EBSCinema.us,,电影综合,IPTV-Nexus:3,https://dearbulut.github.io/iptv/playlists/category/movies.m3u,https://rpn.bozztv.com/ebstv/ebscinema/index.m3u8,1763,,True
Doctor Who Classic,,US,DoctorWhoClassic.us,,电影综合,iptv-org,,https://jmp2.uk/plu-62bdad934d73d50007a82472.m3u8,1985,,True
Dynasty,,Series,Dynasty.de,,电影综合,IPTV-Nexus:4,https://dearbulut.github.io/iptv/playlists/category/classic.m3u,https://jmp2.uk/plu-622f48de713e510007f85808.m3u8,2204,,True
Filmax,,Movies,Filmax.pk,,电影综合,IPTV-Nexus:3,https://dearbulut.github.io/iptv/playlists/category/movies.m3u,https://s3.ideationtec.live/Filmax/Filmax.m3u8,1027,,True
Film4,,Movies,Film4.hu,,电影综合,IPTV-Nexus:3,https://dearbulut.github.io/iptv/playlists/category/movies.m3u,http://88.212.15.19/live/film4_hun/index.m3u8,891,,True
FILMBOX+ Comedy,,Movies,FILMBOXPlusComedy.pl,,电影综合,IPTV-Nexus:3,https://dearbulut.github.io/iptv/playlists/category/movies.m3u,http://88.212.15.19/live/test_filmbox_family_hun_atk_1200/playlist.m3u8,862,,True
FILMBOX+ Emotion,,PL,FILMBOXPlusEmotion.pl,,电影综合,iptv-org,,http://88.212.15.19/live/test_film_boxextra_hd_hevc/playlist.m3u8,840,,True
FILMBOX+ Festival,,PL,FILMBOXPlusFestival.pl,,电影综合,iptv-org,,https://webtvstream.bhtelecom.ba/filmbox_arthouse.m3u8,1499,,True
FILMBOX+ Hits,,PL,FILMBOXPlusHits.pl,,电影综合,iptv-org,,http://88.212.15.19/live/fb_premium_hungary/index.m3u8,840,,True
FILMBOX+ Comedy,,PL,FILMBOXPlusComedy.pl,,电影综合,iptv-org,,http://88.212.15.19/live/test_filmbox_family_atk_1200/playlist.m3u8,986,,True
FILMBOX+ Emotion,,Movies,FILMBOXPlusEmotion.pl,,电影综合,IPTV-Nexus:3,https://dearbulut.github.io/iptv/playlists/category/movies.m3u,http://88.212.15.19/live/test_filmbox_extra_hd_hun_atk_1200/playlist.m3u8,826,,True
FILMBOX+ Comedy,,PL,FILMBOXPlusComedy.pl,,电影综合,iptv-org,,https://nosignal1.antenaplay.ro/hls/fb-comedy-hd/index.m3u8,1369,,True
FILMBOX+ Emotion,,PL,FILMBOXPlusEmotion.pl,,电影综合,iptv-org,,https://webtvstream.bhtelecom.ba/filmbox_extra.m3u8,1716,,True
FILMBOX+ Hits,,PL,FILMBOXPlusHits.pl,,电影综合,iptv-org,,http://88.212.15.19/live/test_film_boxpremium_hd_hevc/playlist.m3u8,1010,,True
FILMBOX+ Hits,,Movies,FILMBOXPlusHits.pl,,电影综合,IPTV-Nexus:3,https://dearbulut.github.io/iptv/playlists/category/movies.m3u,https://webtvstream.bhtelecom.ba/filmbox_premium.m3u8,1483,,True
FILMBOX+ Love & Crime,,PL,FILMBOXPlusLoveCrime.pl,,电影综合,iptv-org,,http://88.212.15.19/live/test_filmbox_plus_atk_1200/playlist.m3u8,864,,True
FILMBOX+ Love & Crime,,Movies,FILMBOXPlusLoveCrime.pl,,电影综合,IPTV-Nexus:3,https://dearbulut.github.io/iptv/playlists/category/movies.m3u,https://webtvstream.bhtelecom.ba/filmbox_stars.m3u8,1401,,True
FILMBOX+ One,,PL,FILMBOXPlusOne.pl,,电影综合,iptv-org,,http://88.212.15.19/live/test_filmbox/playlist.m3u8,882,,True
FILMBOX+ One,,PL,FILMBOXPlusOne.pl,,电影综合,iptv-org,,http://88.212.15.19/live/test_filmbox_plus_hun_atk_1200/playlist.m3u8,887,,True
FILMBOX+ Festival,,Movies,FILMBOXPlusFestival.pl,,电影综合,IPTV-Nexus:3,https://dearbulut.github.io/iptv/playlists/category/movies.m3u,https://nosignal1.antenaplay.ro/hls/fb-festival-hd/index.m3u8,1423,,True
FILMBOX+ Festival,,PL,FILMBOXPlusFestival.pl,,电影综合,iptv-org,,https://dash3.antik.sk/live/test_filmbox_arthouse_atk_1200/playlist.m3u8,1643,,True
FILMBOX+ Hits,,PL,FILMBOXPlusHits.pl,,电影综合,iptv-org,,https://nosignal1.antenaplay.ro/hls/fb-hits-sd/index.m3u8,1331,,True
FilmRise Western,,Movies,FilmRiseWestern.us,,电影综合,IPTV-Nexus:3,https://dearbulut.github.io/iptv/playlists/category/movies.m3u,https://dz05z8iljgvbe.cloudfront.net/master.m3u8,1035,,True
FilmRise Anime,,US,FilmRiseAnime.us,,电影综合,iptv-org,,https://dvu7aia8rjlfm.cloudfront.net/master.m3u8,1121,,True
Film+,,Movies,FilmPlus.cz,,电影综合,IPTV-Nexus:3,https://dearbulut.github.io/iptv/playlists/category/movies.m3u,http://88.212.15.19/live/test_film_plus_25p/playlist.m3u8,900,,True
Film Cafe,Film Café Hungary Filmcafé Romantica Zone Romantica,HU,FilmCafe.hu,,电影综合,iptv-org,,http://88.212.15.19/live/film_cafe/index.m3u8,932,,True
Film+,F+,HU,FilmPlus.hu,,电影综合,iptv-org,,http://88.212.15.19/live/film_plus_hun_atk/index.m3u8,881,,True
FILMBOX+ Love & Crime,,PL,FILMBOXPlusLoveCrime.pl,,电影综合,iptv-org,,https://nosignal1.antenaplay.ro/hls/fb-love-and-crime-sd/index.m3u8,1401,,True
FILMBOX+ One,,Movies,FILMBOXPlusOne.pl,,电影综合,IPTV-Nexus:3,https://dearbulut.github.io/iptv/playlists/category/movies.m3u,https://nosignal1.antenaplay.ro/hls/fb-one-sd/index.m3u8,1456,,True
Gravitas Movies,,Movies,GravitasMovies.us,,电影综合,IPTV-Nexus:3,https://dearbulut.github.io/iptv/playlists/category/movies.m3u,https://d6dg3ebeih71x.cloudfront.net/Gravitas_Movies.m3u8,1417,,True
Goldmines Action,,Movies,GoldminesAction.in,,电影综合,IPTV-Nexus:3,https://dearbulut.github.io/iptv/playlists/category/movies.m3u,https://mumt03.tangotv.in/Dsly5z3HGOLDMINESACTION/index.m3u8,1461,,True
FrightFlix,,Movies,FrightFlix.us,,电影综合,IPTV-Nexus:3,https://dearbulut.github.io/iptv/playlists/category/movies.m3u,https://stream-us-east-1.getpublica.com/playlist.m3u8?network_id=2229,1492,,True
Flicks of Fury,,Movies,FlicksofFury.us,,电影综合,IPTV-Nexus:3,https://dearbulut.github.io/iptv/playlists/category/movies.m3u,https://jmp2.uk/plu-58e55b14ad8e9c364d55f717.m3u8,1889,,True
Filmes Suspense,,Movies,FilmesSuspense.us,,电影综合,IPTV-Nexus:3,https://dearbulut.github.io/iptv/playlists/category/movies.m3u,https://jmp2.uk/plu-5f171d3442a0500007362f22.m3u8,2172,,True
Goldmines Bollywood,,Movies,GoldminesBollywood.in,,电影综合,IPTV-Nexus:3,https://dearbulut.github.io/iptv/playlists/category/movies.m3u,https://mumt03.tangotv.in/Dsly5z3HGOLDMINESBOLLYWOOD/index.m3u8,1734,,True
Goldmines Movies,Dhinchaak 2,IN,GoldminesMovies.in,,电影综合,iptv-org,,https://mumt04.tangotv.in/m18aqlK4GOLDMINEMOVIES/index.m3u8,1705,,True
FilmUADrama,,Movies,FilmUADrama.ua,,电影综合,IPTV-Nexus:3,https://dearbulut.github.io/iptv/playlists/category/movies.m3u,http://88.99.215.227/FilmUADrama/index.m3u8,1883,,True
Gospel Movie TV,,BR,GospelMovieTV.br,,电影综合,iptv-org,,https://stmv1.srvif.com/gospelf/gospelf/playlist.m3u8,1474,,True
Goldmines 2,,Movies,Goldmines2.in,,电影综合,IPTV-Nexus:3,https://dearbulut.github.io/iptv/playlists/category/movies.m3u,https://mumt03.tangotv.in/Dsly5z3HGOLDMINES2/index.m3u8,2088,,True
Goldmines Movies,Dhinchaak 2,IN,GoldminesMovies.in,,电影综合,iptv-org,,https://streams.tangotv.in/GOLDMINEMOVIES/ORIGIN/index.m3u8,1932,,True
FilmUA Live,,Movies,FilmUALive.ua,,电影综合,IPTV-Nexus:3,https://dearbulut.github.io/iptv/playlists/category/movies.m3u,https://dash2.antik.sk/live/test_film_life_atktv/playlist.m3u8,1996,,True
FilmUADrama,,UA,FilmUADrama.ua,,电影综合,iptv-org,,https://dash2.antik.sk/live/test_film_drama_atktv/playlist.m3u8,2063,,True
Girlfriends Films,,Movies,GirlfriendsFilms.us,,电影综合,IPTV-Nexus:3,https://dearbulut.github.io/iptv/playlists/category/movies.m3u,https://jmp2.uk/plu-66ba1e4446762a000855cd87.m3u8,2319,,True
Gold Star,,Movies,GoldStar.ir,,电影综合,IPTV-Nexus:3,https://dearbulut.github.io/iptv/playlists/category/movies.m3u,https://moviethls.wns.live/hls/stream.m3u8,1638,,True
Goldmines Movies,Dhinchaak 2,IN,GoldminesMovies.in,,电影综合,iptv-org,,https://cdn.pishow.tv/ott/live/1461/master.m3u8,1874,,True
Harbin Movie Channel,,Movies,HarbinMovieChannel.cn,,电影综合,IPTV-Nexus:3,https://dearbulut.github.io/iptv/playlists/category/movies.m3u,https://stream.hrbtv.net/yspd/playlist.m3u8,668,,True
Grjngo Western Movies,,DE,GrjngoWesternMovies.de,,电影综合,iptv-org,,https://amogonetworx-grjngo-3-lu.samsung.wurl.tv/playlist.m3u8,1468,,True
GREAT! movies,Sony Movies Sony Movie Channel Movies4Men 2 ACTIONMAX Bad Movies,UK,GREATmovies.uk,,电影综合,iptv-org,,https://amg01753-narrativeentert-greatmovies-samsunguk-7z6eh.amagi.tv/playlist/amg01753-narrativeentert-greatmovies-samsunguk/playlist.m3u8,1608,,True
Grjngo Western Movies,,DE,GrjngoWesternMovies.de,,电影综合,iptv-org,,https://amogonetworx-grjngo-3-fi.samsung.wurl.tv/playlist.m3u8,1582,,True
HBO Movies,,Movies,HBOMovies.us,,电影综合,IPTV-Nexus:3,https://dearbulut.github.io/iptv/playlists/category/movies.m3u,http://23.237.104.106:8080/USA_HBO_ZONE/index.m3u8,660,,True
Grjngo Western Movies,,DE,GrjngoWesternMovies.de,,电影综合,iptv-org,,https://amogonetworx-grjngo-3-dk.samsung.wurl.tv/playlist.m3u8,1668,,True
Grjngo Western Movies,,DE,GrjngoWesternMovies.de,,电影综合,iptv-org,,https://amogonetworx-grjngo-3-no.samsung.wurl.tv/playlist.m3u8,1325,,True
IFC,,Movies,IFC.us,,电影综合,IPTV-Nexus:3,https://dearbulut.github.io/iptv/playlists/category/movies.m3u,http://23.237.104.106:8080/USA_IFC/index.m3u8,635,,True
Grjngo Western Movies,,DE,GrjngoWesternMovies.de,,电影综合,iptv-org,,https://amogonetworx-grjngo-3-gb.samsung.wurl.tv/playlist.m3u8,985,,True
Grand Cinema,,Movies,GrandCinema.tr,,电影综合,IPTV-Nexus:3,https://dearbulut.github.io/iptv/playlists/category/movies.m3u,https://gcinemahls.wns.live/hls/stream.m3u8,1886,,True
Grjngo Western Movies,,DE,GrjngoWesternMovies.de,,电影综合,iptv-org,,https://amogonetworx-grjngo-3-se.samsung.wurl.tv/playlist.m3u8,1495,,True
Hallmark Movies & More,,US,HallmarkMoviesMore.us,,电影综合,iptv-org,,https://dbrb49pjoymg4.cloudfront.net/v1/master/3fec3e5cac39a52b2132f9c66c83dae043dc17d4/prod_default_xumo-ams-aws/master.m3u8?ads.xumo_channelId=99991709,1248,,True
Horror Channel,,Movies,HorrorChannel.it,,电影综合,IPTV-Nexus:3,https://dearbulut.github.io/iptv/playlists/category/movies.m3u,http://str2.iptvhd.ru:8080/Horror/index.m3u8,935,,True
GREAT! romance,GREAT! christmas GREAT! movies classic GREAT! movies christmas Sony Movies Classic Sony Movies Christmas True Movies True Movies 1 Movies 333,UK,GREATromance.uk,,电影综合,iptv-org,,https://amg01753-narrativeentert-greatchristmas-samsunguk-8atls.amagi.tv/playlist/amg01753-narrativeentert-greatchristmas-samsunguk/playlist.m3u8,2214,,True
HOT Cinema 1,,Movies,HOTCinema1.il,,电影综合,IPTV-Nexus:3,https://dearbulut.github.io/iptv/playlists/category/movies.m3u,http://str2.iptvhd.ru:8080/Gold/index.m3u8,953,,True
HOT Cinema 3,,Movies,HOTCinema3.il,,电影综合,IPTV-Nexus:3,https://dearbulut.github.io/iptv/playlists/category/movies.m3u,http://str2.iptvhd.ru:8080/fun/index.m3u8,908,,True
HOT Cinema 2,,Movies,HOTCinema2.il,,电影综合,IPTV-Nexus:3,https://dearbulut.github.io/iptv/playlists/category/movies.m3u,http://str2.iptvhd.ru:8080/action/index.m3u8,1022,,True
HOT Cinema 4,,Movies,HOTCinema4.il,,电影综合,IPTV-Nexus:3,https://dearbulut.github.io/iptv/playlists/category/movies.m3u,http://str2.iptvhd.ru:8080/drama/index.m3u8,906,,True
Groovy TV,,Movies,GroovyTV.gr,,电影综合,IPTV-Nexus:3,https://dearbulut.github.io/iptv/playlists/category/movies.m3u,http://web.onair-radio.eu:1935/groovytv/groovytv/playlist.m3u8,1823,,True
Happy Days,,Series,HappyDays.se,,电影综合,IPTV-Nexus:4,https://dearbulut.github.io/iptv/playlists/category/classic.m3u,https://jmp2.uk/plu-654a52254d6d8f00084eacfc.m3u8,1628,,True
Hogan's Heroes,,Classic,HogansHeroes.us,,电影综合,IPTV-Nexus:4,https://dearbulut.github.io/iptv/playlists/category/classic.m3u,https://jmp2.uk/plu-68939e206727ec919bb39061.m3u8,1791,,True
Kino 1,,Movies,Kino1.ua,,电影综合,IPTV-Nexus:3,https://dearbulut.github.io/iptv/playlists/category/movies.m3u,http://stream.mcquack.net/395/index.m3u8,865,,True
Kino 2,,Movies,Kino2.ua,,电影综合,IPTV-Nexus:3,https://dearbulut.github.io/iptv/playlists/category/movies.m3u,http://stream.mcquack.net/465/index.m3u8,898,,True
Hallmark Movies & More,,US,HallmarkMoviesMore.us,,电影综合,iptv-org,,https://jmp2.uk/plu-628e685ba3811100070551a8.m3u8,1834,,True
ICC plus,,Movies,ICCplus.us,,电影综合,IPTV-Nexus:3,https://dearbulut.github.io/iptv/playlists/category/movies.m3u,https://icchls.wns.live/hls/stream.m3u8,1481,,True
Kinoliving,,Movies,Kinoliving.ua,,电影综合,IPTV-Nexus:3,https://dearbulut.github.io/iptv/playlists/category/movies.m3u,http://stream.mcquack.net/445/index.m3u8,864,,True
KCM,,Movies,KCM.sg,,电影综合,IPTV-Nexus:3,https://dearbulut.github.io/iptv/playlists/category/movies.m3u,https://amg02159-amg02159c7-samsung-in-4001.playouts.now.amagi.tv/playlist/amg02159-kcglobal-kcm-samsungin/playlist.m3u8,1147,,True
I Love Lucy,,Comedy,ILoveLucy.us,,电影综合,IPTV-Nexus:4,https://dearbulut.github.io/iptv/playlists/category/classic.m3u,https://jmp2.uk/plu-63a2f1dda0d69700078b7cba.m3u8,1609,,True
HomePlus,,Movies,HomePlus.ir,,电影综合,IPTV-Nexus:3,https://dearbulut.github.io/iptv/playlists/category/movies.m3u,https://homeplushls.wns.live/hls/stream.m3u8,1386,,True
Kinowood,,Movies,Kinowood.ua,,电影综合,IPTV-Nexus:3,https://dearbulut.github.io/iptv/playlists/category/movies.m3u,http://stream.mcquack.net/446/index.m3u8,910,,True
Kino Barrandov,,Movies,KinoBarrandov.cz,,电影综合,IPTV-Nexus:3,https://dearbulut.github.io/iptv/playlists/category/movies.m3u,http://88.212.15.19/live/test_kino_barrandov_sd_hevc50/playlist.m3u8,853,,True
Indywood TV,,Movies,IndywoodTV.in,,电影综合,IPTV-Nexus:3,https://dearbulut.github.io/iptv/playlists/category/movies.m3u,https://43wrzjnpqoxe-hls-live.wmncdn.net/indywood/indywoodtv/index.m3u8,2267,,True
Maha Movie,,Movies,MahaMovie.in,,电影综合,IPTV-Nexus:3,https://dearbulut.github.io/iptv/playlists/category/movies.m3u,https://cdn.pishow.tv/ott/live/10007/master.m3u8,1018,,True
Itage TV,,Movies,ItageTV.ng,,电影综合,IPTV-Nexus:3,https://dearbulut.github.io/iptv/playlists/category/movies.m3u,https://viewmedia7219.bozztv.com/wmedia/viewmedia100/web_011/Stream/playlist.m3u8,1865,,True
JAG,,Series,JAG.se,,电影综合,IPTV-Nexus:4,https://dearbulut.github.io/iptv/playlists/category/classic.m3u,https://jmp2.uk/plu-654a4ab92c1d330008657ae5.m3u8,2270,,True
Magyar Mozi TV,,Movies,MagyarMoziTV.hu,,电影综合,IPTV-Nexus:3,https://dearbulut.github.io/iptv/playlists/category/movies.m3u,http://88.212.15.19/live/mozi/index.m3u8,901,,True
Manoranjan Grand,,Movies,ManoranjanGrand.in,,电影综合,IPTV-Nexus:3,https://dearbulut.github.io/iptv/playlists/category/movies.m3u,https://mumt06.tangotv.in/qYyB8fXVMANORANJANGRAND/index.m3u8,1432,,True
Made In Hollywood,,Movies,MadeInHollywood.us,,电影综合,IPTV-Nexus:3,https://dearbulut.github.io/iptv/playlists/category/movies.m3u,https://connection3-ent-nz.samsung.wurl.tv/playlist.m3u8,1276,,True
Manoranjan Movies,,IN,ManoranjanMovies.in,,电影综合,iptv-org,,https://mumt04.tangotv.in/m18aqlK4MANORANJANMOVIES/index.m3u8,1355,,True
Mei Ah Movie Channel,美亞電影台,HK,MeiAhMovieChannel.hk,,电影综合,iptv-org,,http://103.172.187.30:12000/stream/mytv/null-9/master.m3u8,538,,True
MacGyver,,Classic,MacGyver.us,,电影综合,IPTV-Nexus:4,https://dearbulut.github.io/iptv/playlists/category/classic.m3u,https://jmp2.uk/plu-63eb9dc84e83e70008abea92.m3u8,1452,,True
Maah TV,,Movies,MaahTV.my,,电影综合,IPTV-Nexus:3,https://dearbulut.github.io/iptv/playlists/category/movies.m3u,https://hls.maahtv.live/hls/stream.m3u8,1366,,True
Maverick Black Cinema,,US,MaverickBlackCinema.us,,电影综合,iptv-org,,https://maverick-maverick-black-cinema-3-us.roku.wurl.tv/playlist.m3u8,1157,,True
Lollywood HD TV,,Movies,LollywoodHDTV.cd,,电影综合,IPTV-Nexus:3,https://dearbulut.github.io/iptv/playlists/category/movies.m3u,https://stream.berosat.live/hls/lollywood-hd/lollywood-hd.m3u8,1344,,True
LAMIL35 TV,,Classic,LAMIL35TV.ar,,电影综合,IPTV-Nexus:4,https://dearbulut.github.io/iptv/playlists/category/classic.m3u,https://vd01.streaminghd.net.ar:3349/live/bzuctkgnlive.m3u8,1646,,True
Mei Ah Movie Channel,美亞電影台,HK,MeiAhMovieChannel.hk,,电影综合,iptv-org,,http://103.172.187.30:12000/stream/mytv/null-2/master.m3u8,544,,True
Maverick Black Cinema,,Movies,MaverickBlackCinema.us,,电影综合,IPTV-Nexus:3,https://dearbulut.github.io/iptv/playlists/category/movies.m3u,https://aegis-cloudfront-1.tubi.video/55607a73-d5bd-4a09-979e-5933354469ee/playlist.m3u8,880,,True
Kuriakos Cine,,Movies,KuriakosCine.pt,,电影综合,IPTV-Nexus:3,https://dearbulut.github.io/iptv/playlists/category/movies.m3u,https://w2.manasat.com/kcine/smil:kcine.smil/playlist.m3u8,2108,,True
Mei Ah Movie Channel,美亞電影台,HK,MeiAhMovieChannel.hk,,电影综合,iptv-org,,http://103.172.187.30:12000/stream/mytv/null-10/master.m3u8,559,,True
MBC+ Drama,,Movies,MBCPlusDrama.sa,,电影综合,IPTV-Nexus:3,https://dearbulut.github.io/iptv/playlists/category/movies.m3u,https://shd-gcp-live.edgenextcdn.net/live/bitmovin-mbc-plus-drama/e37251ec2aac8f6c98f75cd0fa37cd28/index.m3u8,853,,True
Mega Cine TV,,Movies,MegaCineTV.do,,电影综合,IPTV-Nexus:3,https://dearbulut.github.io/iptv/playlists/category/movies.m3u,https://cnn.hostlagarto.com/megacinetv/playlist.m3u8,1253,,True
MNX,,Movies,MNX.in,,电影综合,IPTV-Nexus:3,https://dearbulut.github.io/iptv/playlists/category/movies.m3u,http://59.103.38.46:8000/play/a052/index.m3u8,890,,True
Maverick Black Cinema,,US,MaverickBlackCinema.us,,电影综合,iptv-org,,https://maverick-maverick-black-cinema-1-us.samsung.wurl.tv/playlist.m3u8,1163,,True
Mosfilm Gold Collection,Мосфильм Золотая коллекция,RU,MosfilmGoldCollection.ru,,电影综合,iptv-org,,http://stream.mcquack.net/369/index.m3u8,891,,True
Matlock,,Series,Matlock.se,,电影综合,IPTV-Nexus:4,https://dearbulut.github.io/iptv/playlists/category/classic.m3u,https://jmp2.uk/plu-66290c12801af8000850c1a9.m3u8,2058,,True
Movie Bangla,,Movies,MovieBangla.bd,,电影综合,IPTV-Nexus:3,https://dearbulut.github.io/iptv/playlists/category/movies.m3u,http://alvetv.com/moviebanglatv/8080/index.m3u8,932,,True
MovieBox,,MN,MovieBox.mn,,电影综合,iptv-org,,https://cdn4.skygo.mn/live/disk1/Moviebox/HLSv3-FTA/Moviebox.m3u8,833,,True
MacGyver,,Series,MacGyver.se,,电影综合,IPTV-Nexus:4,https://dearbulut.github.io/iptv/playlists/category/classic.m3u,https://jmp2.uk/plu-654a59742c1d33000865a797.m3u8,1956,,True
MH One Movies,,Movies,MHOneMovies.in,,电影综合,IPTV-Nexus:3,https://dearbulut.github.io/iptv/playlists/category/movies.m3u,https://mumt03.tangotv.in/Dsly5z3HMHONEMOVIE/index.m3u8,1409,,True
JTBS Classic,,IN,JTBSClassic.in,,电影综合,iptv-org,,https://jtbsclassic.dpdns.org/live.m3u8,3356,,True
Movies!,,Movies,Movies.us,,电影综合,IPTV-Nexus:3,https://dearbulut.github.io/iptv/playlists/category/movies.m3u,https://2-fss-2.streamhoster.com/pl_120/206858-4412962-1/playlist.m3u8,1104,,True
Medium,,Movies,Medium.de,,电影综合,IPTV-Nexus:3,https://dearbulut.github.io/iptv/playlists/category/movies.m3u,https://jmp2.uk/plu-6578808014fbe400086e21bc.m3u8,1869,,True
Meta Film TV,,Movies,MetaFilmTV.ir,,电影综合,IPTV-Nexus:3,https://dearbulut.github.io/iptv/playlists/category/movies.m3u,https://metafilmhls.wns.live/hls/stream.m3u8,1356,,True
Merry Christmas from Viafree,,Movies,MerryChristmasfromViafree.se,,电影综合,IPTV-Nexus:3,https://dearbulut.github.io/iptv/playlists/category/movies.m3u,https://jmp2.uk/plu-63048147b09fd60007847a08.m3u8,1872,,True
Movies Action,,Movies,MoviesAction.sa,,电影综合,IPTV-Nexus:3,https://dearbulut.github.io/iptv/playlists/category/movies.m3u,https://shd-amg-fast.edgenextcdn.net/tx011/playlist.m3u8,1471,,True
Kinoteatr,,Movies,Kinoteatr.uz,,电影综合,IPTV-Nexus:3,https://dearbulut.github.io/iptv/playlists/category/movies.m3u,https://stream8.cinerama.uz/1009/tracks-v1a1/playlist.m3u8,3214,,True
Mix Hollywood,,Movies,MixHollywood.eg,,电影综合,IPTV-Nexus:3,https://dearbulut.github.io/iptv/playlists/category/movies.m3u,https://ml-pull-hwc.myco.io/MixTV/hls/index.m3u8,1569,,True
Movie Music by Stingray,,CA,MovieMusicbyStingray.ca,,电影综合,iptv-org,,https://lotus.stingray.com/manifest/cmusic-cme004-montreal/samsungtvplus/master.m3u8,1638,,True
MovieSphere,MovieSphere by Lionsgate,US,MovieSphere.us,,电影综合,iptv-org,,https://aegis-cloudfront-1.tubi.video/8b127a5b-3054-4f39-93a2-1c4aab9ef5ff/playlist.m3u8,1160,,True
MovieSphere,MovieSphere by Lionsgate,US,MovieSphere.us,,电影综合,iptv-org,,https://amg00353-lionsgatestudio-moviesphere-xumo-zh5u0.amagi.tv/playlist.m3u8,1305,,True
More TV Sci-fi,,Movies,MoreTVScifi.de,,电影综合,IPTV-Nexus:3,https://dearbulut.github.io/iptv/playlists/category/movies.m3u,https://jmp2.uk/plu-645e00d5d3fdde000829463a.m3u8,1995,,True
GEM Pixel,,Movies,GEMPixel.tr,,电影综合,IPTV-Nexus:3,https://dearbulut.github.io/iptv/playlists/category/movies.m3u,https://glserver1.tamashaland.com/live/aBCH96886YznRbGOiqTnnQ__/stream_0.m3u8,6136,,True
Mosfilm Gold Collection,Мосфильм Золотая коллекция,RU,MosfilmGoldCollection.ru,,电影综合,iptv-org,,https://fs.uplink.kz/mosfilm/mono.m3u8?token=onlinetv,1604,,True
Mission Impossible,,Movies,MissionImpossible.de,,电影综合,IPTV-Nexus:3,https://dearbulut.github.io/iptv/playlists/category/movies.m3u,https://jmp2.uk/plu-62ab579258cb950007811aad.m3u8,2622,,True
Mission Impossible,,Series,MissionImpossible.se,,电影综合,IPTV-Nexus:4,https://dearbulut.github.io/iptv/playlists/category/classic.m3u,https://jmp2.uk/plu-639b4eb4da3fda0008036f6e.m3u8,2449,,True
MovieSphere,MovieSphere by Lionsgate,US,MovieSphere.us,,电影综合,iptv-org,,https://amg00353-lionsgatefilmsi-moviesphereaus-samsungau-7qzhf.amagi.tv/playlist/amg00353-lionsgatefilmsi-moviesphereaus-samsungau/playlist.m3u8,1528,,True
Moviedome,,Movies,Moviedome.us,,电影综合,IPTV-Nexus:3,https://dearbulut.github.io/iptv/playlists/category/movies.m3u,https://jmp2.uk/plu-615c1e5ce3039400070a0547.m3u8,2179,,True
MovieSphere,MovieSphere by Lionsgate,US,MovieSphere.us,,电影综合,iptv-org,,https://moviesphereuk-samsunguk.amagi.tv/playlist.m3u8,1706,,True
Mozi+,,Movies,MoziPlus.hu,,电影综合,IPTV-Nexus:3,https://dearbulut.github.io/iptv/playlists/category/movies.m3u,http://88.212.15.19/live/mozi_plusz/index.m3u8,917,,True
MWD Movies,,Movies,MWDMovies.mm,,电影综合,IPTV-Nexus:3,https://dearbulut.github.io/iptv/playlists/category/movies.m3u,http://203.81.84.130/hls/mwd_movie/index.m3u8,646,,True
Movies Thriller,,Movies,MoviesThriller.sa,,电影综合,IPTV-Nexus:3,https://dearbulut.github.io/iptv/playlists/category/movies.m3u,https://shd-amg-fast.edgenextcdn.net/tx012/playlist.m3u8,1211,,True
My Cinema Europe,,Movies,MyCinemaEurope.ch,,电影综合,IPTV-Nexus:3,https://dearbulut.github.io/iptv/playlists/category/movies.m3u,https://op-group1-densxvisionhd-1.dens.tv/h/h18/index.m3u8,1410,,True
Moziverzum,,Movies,Moziverzum.hu,,电影综合,IPTV-Nexus:3,https://dearbulut.github.io/iptv/playlists/category/movies.m3u,http://88.212.15.19/live/moziverzum/index.m3u8,894,,True
Music Box Classic,,CZ,MusicBoxClassic.cz,,电影综合,iptv-org,,http://88.212.15.19/live/mb_classic/index.m3u8,953,,True
MovieSphere Gold,,Movies,MovieSphereGold.us,,电影综合,IPTV-Nexus:3,https://dearbulut.github.io/iptv/playlists/category/movies.m3u,https://cdn-uw2-prod.tsv2.amagi.tv/linear/amg01438-ewscrippscompan-ionmystery-tablo/playlist.m3u8,2247,,True
Nashe Lubimoe Kino Ukraine,,Movies,NasheLubimoeKinoUkraine.ua,,电影综合,IPTV-Nexus:3,https://dearbulut.github.io/iptv/playlists/category/movies.m3u,http://stream.mcquack.net/456/index.m3u8,972,,True
MovieSphere,MovieSphere by Lionsgate,US,MovieSphere.us,,电影综合,iptv-org,,https://jmp2.uk/plu-64a3d96f060e830008af6745.m3u8,2502,,True
MyTime Movie Network,,Movies,MyTimeMovieNetwork.br,,电影综合,IPTV-Nexus:3,https://dearbulut.github.io/iptv/playlists/category/movies.m3u,https://appletree-mytime-samsungbrazil.amagi.tv/playlist.m3u8,1617,,True
MyTime Movie Network,,Movies,MyTimeMovieNetwork.es,,电影综合,IPTV-Nexus:3,https://dearbulut.github.io/iptv/playlists/category/movies.m3u,https://appletree-mytimespain-rakuten.amagi.tv/playlist.m3u8,1392,,True
MyTime Movie Network,,Movies,MyTimeMovieNetwork.mx,,电影综合,IPTV-Nexus:3,https://dearbulut.github.io/iptv/playlists/category/movies.m3u,https://appletree-mytime-samsungmexico.amagi.tv/playlist.m3u8,1525,,True
MovieSphere,MovieSphere by Lionsgate,US,MovieSphere.us,,电影综合,iptv-org,,https://jmp2.uk/plu-6401d85a49839300087b116c.m3u8,2559,,True
MovieSphere,MovieSphere by Lionsgate,US,MovieSphere.us,,电影综合,iptv-org,,https://jmp2.uk/plu-645e7828e1979c00087b75b4.m3u8,2478,,True
iFilm Persian,,Movies,iFilmPersian.ir,,电影综合,IPTV-Nexus:3,https://dearbulut.github.io/iptv/playlists/category/movies.m3u,https://ncdn.telewebion.ir/ifilm/live/playlist.m3u8,5767,,True
MyTime Movie Network,,Movies,MyTimeMovieNetwork.uk,,电影综合,IPTV-Nexus:3,https://dearbulut.github.io/iptv/playlists/category/movies.m3u,https://appletree-mytimeuk-rakuten.amagi.tv/playlist.m3u8,1494,,True
MyTime Movie Network East,,US,MyTimeMovieNetworkEast.us,,电影综合,iptv-org,,https://appletree-mytimeau-samsung.amagi.tv/playlist.m3u8,1402,,True
MyTime Movie Network East,,Movies,MyTimeMovieNetworkEast.us,,电影综合,IPTV-Nexus:3,https://dearbulut.github.io/iptv/playlists/category/movies.m3u,https://mytime-tcl.amagi.tv/playlist.m3u8,1455,,True
MyTime Movie Network East,,US,MyTimeMovieNetworkEast.us,,电影综合,iptv-org,,https://mytimeuk-rakuten-samsung.amagi.tv/playlist.m3u8,1446,,True
MTV Classic,,US,MTVClassic.us,,电影综合,iptv-org,,https://jmp2.uk/plu-66a11a21a79dea0008aa90ca.m3u8,2477,,True
NH BollyGold,,Movies,NHBollyGold.in,,电影综合,IPTV-Nexus:3,https://dearbulut.github.io/iptv/playlists/category/movies.m3u,https://0dc330e6408b4c3b9ac31fd37b121368.mediatailor.ap-south-1.amazonaws.com/v1/master/d367f9b863a7a04827f71ecab4cbeeb11f78a827/nh-bollygold-airtel/playlist.m3u8,1743,,True
MTV Classic,,US,MTVClassic.us,,电影综合,iptv-org,,https://jmp2.uk/plu-66a01dcb8561260008b0a41d.m3u8,2619,,True
MTV Classic,,US,MTVClassic.us,,电影综合,iptv-org,,https://jmp2.uk/plu-654100b4bdf3cf0008aa49c7.m3u8,2732,,True
Paramount Network,,Series,ParamountNetwork.us,,电影综合,IPTV-Nexus:3,https://dearbulut.github.io/iptv/playlists/category/movies.m3u,http://4.30.180.36:8420/paramount/index.m3u8?token=test,915,,True
Oscar Movies Bhojpuri,,Movies,OscarMoviesBhojpuri.in,,电影综合,IPTV-Nexus:3,https://dearbulut.github.io/iptv/playlists/category/movies.m3u,https://cdn.pishow.tv/ott/live/233/master.m3u8,1113,,True
Oscar Movies Bhojpuri,,IN,OscarMoviesBhojpuri.in,,电影综合,iptv-org,,https://mumt05.tangotv.in/87NeALx2OSCARMOVIESBHOJPURI/index.m3u8,1500,,True
Nickelodeon Classico,Nickelodeon Clássico,US,NickelodeonClassico.us,,电影综合,iptv-org,,https://jmp2.uk/plu-6824ce10c5d53e1351ceb8d1.m3u8,2022,,True
NonStop Kung Fu,,Movies,NonStopKungFu.se,,电影综合,IPTV-Nexus:3,https://dearbulut.github.io/iptv/playlists/category/movies.m3u,https://jmp2.uk/plu-6728d30cdaad7f000881d979.m3u8,1813,,True
NEW K.MOVIES,,Movies,NEWKMOVIES.us,,电影综合,IPTV-Nexus:3,https://dearbulut.github.io/iptv/playlists/category/movies.m3u,https://ads.its-newid.net/api/manifest.m3u8?ads.service_id=GB1700007PK&channel_id=newid_343&tp=samsung_tvplus,1718,,True
NonStop Kung Fu,,SE,NonStopKungFu.se,,电影综合,iptv-org,,https://jmp2.uk/plu-6728d2be529ac9000830dc15.m3u8,2212,,True
NonStop Kung Fu,,SE,NonStopKungFu.se,,电影综合,iptv-org,,https://jmp2.uk/plu-6728d33f030a2c0008edf4be.m3u8,2656,,True
Next HD,,Movies,NextHD.py,,电影综合,IPTV-Nexus:3,https://dearbulut.github.io/iptv/playlists/category/movies.m3u,https://live.enhdtv.com:19360/nexthd/nexthd.m3u8,3783,,True
Persiana Cinema,,Movies,PersianaCinema.fr,,电影综合,IPTV-Nexus:3,https://dearbulut.github.io/iptv/playlists/category/movies.m3u,https://cinehls.persiana.live/hls/stream.m3u8,1723,,True
Paramount Network de Pluto TV,,Movies,ParamountNetworkdePlutoTV.de,,电影综合,IPTV-Nexus:3,https://dearbulut.github.io/iptv/playlists/category/movies.m3u,https://jmp2.uk/plu-68d566603d3a9580eb461251.m3u8,2562,,True
Paramount Movie Channel,,Movies,ParamountMovieChannel.us,,电影综合,IPTV-Nexus:3,https://dearbulut.github.io/iptv/playlists/category/movies.m3u,https://jmp2.uk/plu-5cb0cae7a461406ffe3f5213.m3u8,2720,,True
Persiana Family,,Movies,PersianaFamily.fr,,电影综合,IPTV-Nexus:3,https://dearbulut.github.io/iptv/playlists/category/movies.m3u,https://familyhls.persiana.live/hls/stream.m3u8,1854,,True
NH BollyFlix,,Movies,NHBollyFlix.in,,电影综合,IPTV-Nexus:3,https://dearbulut.github.io/iptv/playlists/category/movies.m3u,https://jmp2.uk/stvp-IN46000140Q,3244,,True
Persiana Iranian,,Movies,PersianaIranian.fr,,电影综合,IPTV-Nexus:3,https://dearbulut.github.io/iptv/playlists/category/movies.m3u,https://irhls.persiana.live/hls/stream.m3u8,1926,,True
Persiana Korea,,Movies,PersianaKorea.fr,,电影综合,IPTV-Nexus:3,https://dearbulut.github.io/iptv/playlists/category/movies.m3u,https://korhls.persiana.live/hls/stream.m3u8,1817,,True
Paramount+ Picks,,Movies,ParamountPlusPicks.us,,电影综合,IPTV-Nexus:3,https://dearbulut.github.io/iptv/playlists/category/movies.m3u,https://jmp2.uk/plu-5ff8c708653d080007361b14.m3u8,2578,,True
Persiana Plus,,Movies,PersianaPlus.fr,,电影综合,IPTV-Nexus:3,https://dearbulut.github.io/iptv/playlists/category/movies.m3u,https://euhls.persiana.live/hls/stream.m3u8,1777,,True
Pluto TV 80's Action,,Movies,PlutoTV80sAction.de,,电影综合,IPTV-Nexus:3,https://dearbulut.github.io/iptv/playlists/category/movies.m3u,https://jmp2.uk/plu-66d717d2abec540008ba7ec4.m3u8,2623,,True
Pluto TV Action,,Movies,PlutoTVAction.se,,电影综合,IPTV-Nexus:3,https://dearbulut.github.io/iptv/playlists/category/movies.m3u,https://jmp2.uk/plu-61c0b0688a80a4000703fbcb.m3u8,2795,,True
Pluto TV A La Mexicana,,Movies,PlutoTVALaMexicana.us,,电影综合,IPTV-Nexus:3,https://dearbulut.github.io/iptv/playlists/category/movies.m3u,https://jmp2.uk/plu-5dfcde52d28b09000a42d7a2.m3u8,2541,,True
Pluto TV Anime Movies,,US,PlutoTVAnimeMovies.us,,电影综合,iptv-org,,https://jmp2.uk/plu-67ed8f7e443f0671bc2b2368.m3u8,2683,,True
Pluto TV Action,,Movies,PlutoTVAction.us,,电影综合,IPTV-Nexus:3,https://dearbulut.github.io/iptv/playlists/category/movies.m3u,https://jmp2.uk/plu-561d7d484dc7c8770484914a.m3u8,3113,,True
ON Movies,,Movies,ONMovies.vn,,电影综合,IPTV-Nexus:3,https://dearbulut.github.io/iptv/playlists/category/movies.m3u,https://freem3u.xyz/api/live/play.m3u8?vid=181,3849,,True
Pitaara,,Movies,Pitaara.in,,电影综合,IPTV-Nexus:3,https://dearbulut.github.io/iptv/playlists/category/movies.m3u,https://vg-pitaaratvlive.akamaized.net/v1/master/611d79b11b77e2f571934fd80ca1413453772ac7/vglive-sk-583798/playlist.m3u8,2303,,True
Pluto TV Action Movies,,Movies,PlutoTVActionMovies.us,,电影综合,IPTV-Nexus:3,https://dearbulut.github.io/iptv/playlists/category/movies.m3u,https://jmp2.uk/plu-62ea3c2e4823db00072788ed.m3u8,3178,,True
Pluto TV Alberto Sordi,,Movies,PlutoTVAlbertoSordi.de,,电影综合,IPTV-Nexus:3,https://dearbulut.github.io/iptv/playlists/category/movies.m3u,https://jmp2.uk/plu-661f8f01801af800083d9d81.m3u8,2758,,True
Pluto TV Bud & Terence,,Movies,PlutoTVBudTerence.se,,电影综合,IPTV-Nexus:3,https://dearbulut.github.io/iptv/playlists/category/movies.m3u,https://jmp2.uk/plu-65b915b1dc10a40008d53797.m3u8,2944,,True
Pluto TV Cine Classicos,Pluto TV Cine Clássicos,US,PlutoTVCineClassicos.us,,电影综合,iptv-org,,https://jmp2.uk/plu-5fa1612a669ba0000702017b.m3u8,2920,,True
Pluto TV Cine Crime,,Movies,PlutoTVCineCrime.us,,电影综合,IPTV-Nexus:3,https://dearbulut.github.io/iptv/playlists/category/movies.m3u,https://jmp2.uk/plu-6479ff764f5ba5000878dfe2.m3u8,2882,,True
Pluto TV Cine Comedia,,Movies,PlutoTVCineComedia.de,,电影综合,IPTV-Nexus:3,https://dearbulut.github.io/iptv/playlists/category/movies.m3u,https://jmp2.uk/plu-5f1ac8099c49f600076579b2.m3u8,3033,,True
Pluto TV Bang Bang,,Movies,PlutoTVBangBang.us,,电影综合,IPTV-Nexus:3,https://dearbulut.github.io/iptv/playlists/category/movies.m3u,https://jmp2.uk/plu-663b9dc7cb3ea10008f1a0ce.m3u8,3128,,True
Pluto TV Bud & Terence,,Movies,PlutoTVBudTerence.de,,电影综合,IPTV-Nexus:3,https://dearbulut.github.io/iptv/playlists/category/movies.m3u,https://jmp2.uk/plu-64be7398e4391c0008cdedfe.m3u8,3257,,True
Pluto TV Cine de autor,,Movies,PlutoTVCinedeautor.de,,电影综合,IPTV-Nexus:3,https://dearbulut.github.io/iptv/playlists/category/movies.m3u,https://jmp2.uk/plu-60cc807324d60a0007708dc8.m3u8,3412,,True
Pluto TV Cine Drama,,Movies,PlutoTVCineDrama.us,,电影综合,IPTV-Nexus:3,https://dearbulut.github.io/iptv/playlists/category/movies.m3u,https://jmp2.uk/plu-5dcddfcb229eff00091b6bdf.m3u8,2750,,True
Pluto TV Cine Crimen,,Movies,PlutoTVCineCrimen.us,,电影综合,IPTV-Nexus:3,https://dearbulut.github.io/iptv/playlists/category/movies.m3u,https://jmp2.uk/plu-624af40c004f8000079b784d.m3u8,3522,,True
Pluto TV Christmas tutto l'anno,,Movies,PlutoTVChristmastuttolanno.de,,电影综合,IPTV-Nexus:3,https://dearbulut.github.io/iptv/playlists/category/movies.m3u,https://jmp2.uk/plu-612e05b885183d0007958101.m3u8,3290,,True
Pluto TV Cine Drama,,Movies,PlutoTVCineDrama.de,,电影综合,IPTV-Nexus:3,https://dearbulut.github.io/iptv/playlists/category/movies.m3u,https://jmp2.uk/plu-5f1ac947dcd00d0007937c08.m3u8,3465,,True
Pluto TV Cine Estelar,,Movies,PlutoTVCineEstelar.us,,电影综合,IPTV-Nexus:3,https://dearbulut.github.io/iptv/playlists/category/movies.m3u,https://jmp2.uk/plu-5dcde437229eff00091b6c30.m3u8,3100,,True
Pluto TV Cinema Italiano,,Movies,PlutoTVCinemaItaliano.de,,电影综合,IPTV-Nexus:3,https://dearbulut.github.io/iptv/playlists/category/movies.m3u,https://jmp2.uk/plu-608aa7d8359b270007861489.m3u8,3233,,True
Pluto TV Cinema Orientale,,Movies,PlutoTVCinemaOrientale.de,,电影综合,IPTV-Nexus:3,https://dearbulut.github.io/iptv/playlists/category/movies.m3u,https://jmp2.uk/plu-6786235bd648bf0008c2780a.m3u8,3218,,True
Pluto TV Cine Romance,,Movies,PlutoTVCineRomance.us,,电影综合,IPTV-Nexus:3,https://dearbulut.github.io/iptv/playlists/category/movies.m3u,https://jmp2.uk/plu-5dd7ea2aeab5230009986735.m3u8,3532,,True
Pluto TV Cine Suspenso,,Movies,PlutoTVCineSuspenso.us,,电影综合,IPTV-Nexus:3,https://dearbulut.github.io/iptv/playlists/category/movies.m3u,https://jmp2.uk/plu-5ddc4e8bcbb9010009b4e84f.m3u8,3189,,True
Pluto TV Cine Sucessos,,Movies,PlutoTVCineSucessos.us,,电影综合,IPTV-Nexus:3,https://dearbulut.github.io/iptv/playlists/category/movies.m3u,https://jmp2.uk/plu-5f120e94a5714d00074576a1.m3u8,3703,,True
Pluto TV Cine Inspirador,,Movies,PlutoTVCineInspirador.us,,电影综合,IPTV-Nexus:3,https://dearbulut.github.io/iptv/playlists/category/movies.m3u,https://jmp2.uk/plu-6806d519fea7414f33f57016.m3u8,3857,,True
Pluto TV Crime Drama,,Movies,PlutoTVCrimeDrama.us,,电影综合,IPTV-Nexus:3,https://dearbulut.github.io/iptv/playlists/category/movies.m3u,https://jmp2.uk/plu-5f31fd1b4c510e00071c3103.m3u8,3062,,True
Pluto TV Classic TV Variety,,Classic,PlutoTVClassicTVVariety.us,,电影综合,IPTV-Nexus:4,https://dearbulut.github.io/iptv/playlists/category/classic.m3u,https://jmp2.uk/plu-68d25c623175a2780d051d3a.m3u8,3367,,True
Pluto TV Cult Films,,Movies,PlutoTVCultFilms.de,,电影综合,IPTV-Nexus:3,https://dearbulut.github.io/iptv/playlists/category/movies.m3u,https://jmp2.uk/plu-5c5c31f2f21b553c1f673fb0.m3u8,2997,,True
Pluto TV Classic TV,,Classic,PlutoTVClassicTV.de,,电影综合,IPTV-Nexus:4,https://dearbulut.github.io/iptv/playlists/category/classic.m3u,https://jmp2.uk/plu-5d134a74ca91eedee1630faa.m3u8,3387,,True
Pluto TV Drama,,Movies,PlutoTVDrama.us,,电影综合,IPTV-Nexus:3,https://dearbulut.github.io/iptv/playlists/category/movies.m3u,https://jmp2.uk/plu-5b4e92e4694c027be6ecece1.m3u8,2901,,True
Pluto TV Comedy Movies,,Comedy,PlutoTVComedyMovies.de,,电影综合,IPTV-Nexus:3,https://dearbulut.github.io/iptv/playlists/category/movies.m3u,https://jmp2.uk/plu-5c363c2411c5ca053f198f97.m3u8,3735,,True
Pluto TV Crime Movies,,Movies,PlutoTVCrimeMovies.us,,电影综合,IPTV-Nexus:3,https://dearbulut.github.io/iptv/playlists/category/movies.m3u,https://jmp2.uk/plu-5f4d8594eb979c0007706de7.m3u8,3199,,True
Pluto TV Drama Movies,,Movies,PlutoTVDramaMovies.us,,电影综合,IPTV-Nexus:3,https://dearbulut.github.io/iptv/playlists/category/movies.m3u,https://jmp2.uk/plu-62bdb0bcd707b9000739d2e5.m3u8,3295,,True
Pluto TV Comedy Movies,,Comedy,PlutoTVComedyMovies.us,,电影综合,IPTV-Nexus:3,https://dearbulut.github.io/iptv/playlists/category/movies.m3u,https://jmp2.uk/plu-62ea3d24b8e02600071fa296.m3u8,3847,,True
Pluto TV Danske klassikere,,Movies,PlutoTVDanskeklassikere.se,,电影综合,IPTV-Nexus:3,https://dearbulut.github.io/iptv/playlists/category/movies.m3u,https://jmp2.uk/plu-67d2b814fe36d6e7b1d2318a.m3u8,3458,,True
Pluto TV Family Movie Club,,Movies,PlutoTVFamilyMovieClub.de,,电影综合,IPTV-Nexus:3,https://dearbulut.github.io/iptv/playlists/category/movies.m3u,https://jmp2.uk/plu-5dc3fc6b9133f500099c7d98.m3u8,3833,,True
Pluto TV Fantasy & Horror,,Movies,PlutoTVFantasyHorror.de,,电影综合,IPTV-Nexus:3,https://dearbulut.github.io/iptv/playlists/category/movies.m3u,https://jmp2.uk/plu-685041d936c9361b1921c26c.m3u8,3598,,True
Pluto TV Cult Films,,Movies,PlutoTVCultFilms.us,,电影综合,IPTV-Nexus:3,https://dearbulut.github.io/iptv/playlists/category/movies.m3u,https://jmp2.uk/plu-5c665db3e6c01b72c4977bc2.m3u8,4010,,True
Pluto TV Desenhos Classicos,Pluto TV Desenhos Clássicos,US,PlutoTVDesenhosClassicos.us,,电影综合,iptv-org,,https://jmp2.uk/plu-655e5c4d2c46f3000877a54b.m3u8,4014,,True
Pluto TV Film,Pluto TV Film+,DE,PlutoTVFilm.de,,电影综合,iptv-org,,https://jmp2.uk/plu-608aa17fb9f4490007e6419a.m3u8,3528,,True
Pluto TV Film Ancora Piu Romantici,Pluto TV Film Ancora Più Romantici,DE,PlutoTVFilmAncoraPiuRomantici.de,,电影综合,iptv-org,,https://jmp2.uk/plu-699d87093d5dba980705cca8.m3u8,2811,,True
Pluto TV Film,,Movies,PlutoTVFilm.se,,电影综合,IPTV-Nexus:3,https://dearbulut.github.io/iptv/playlists/category/movies.m3u,https://jmp2.uk/plu-61c1e1e55deef000075aed0c.m3u8,3852,,True
Pluto TV Film,,SE,PlutoTVFilm.se,,电影综合,iptv-org,,https://jmp2.uk/plu-61c0afa0a09bbe00078f8378.m3u8,3517,,True
Pluto TV Filmes Aventura,,Movies,PlutoTVFilmesAventura.us,,电影综合,IPTV-Nexus:3,https://dearbulut.github.io/iptv/playlists/category/movies.m3u,https://jmp2.uk/plu-66c79a4262e5510008ff68a5.m3u8,3042,,True
Pluto TV Film,,SE,PlutoTVFilm.se,,电影综合,iptv-org,,https://jmp2.uk/plu-61c09515fbb4b50007d221f5.m3u8,4421,,True
Pluto TV Film Commedia,Pluto TV Film Commedia+,DE,PlutoTVFilmCommedia.de,,电影综合,iptv-org,,https://jmp2.uk/plu-608aa512d67fd900072323db.m3u8,3520,,True
Pluto TV Film Azione,Pluto TV Film Azione+,DE,PlutoTVFilmAzione.de,,电影综合,iptv-org,,https://jmp2.uk/plu-608aa20a2e7f270007c4878d.m3u8,3619,,True
Pluto TV Film Thriller,,Movies,PlutoTVFilmThriller.de,,电影综合,IPTV-Nexus:3,https://dearbulut.github.io/iptv/playlists/category/movies.m3u,https://jmp2.uk/plu-608aa5e995132a00075f7005.m3u8,2985,,True
Pluto TV Film Storici,,Movies,PlutoTVFilmStorici.de,,电影综合,IPTV-Nexus:3,https://dearbulut.github.io/iptv/playlists/category/movies.m3u,https://jmp2.uk/plu-68750875759366af05a151ce.m3u8,2893,,True
Pluto TV Filmes Nacionais,,Movies,PlutoTVFilmesNacionais.us,,电影综合,IPTV-Nexus:3,https://dearbulut.github.io/iptv/playlists/category/movies.m3u,https://jmp2.uk/plu-5f5a545d0dbf7f0007c09408.m3u8,3395,,True
Pluto TV Film Romantici,Pluto TV Film Romantici+,DE,PlutoTVFilmRomantici.de,,电影综合,iptv-org,,https://jmp2.uk/plu-608aa4a4cc92820007b663af.m3u8,3567,,True
Pluto TV Franchise Favorites,,Movies,PlutoTVFranchiseFavorites.us,,电影综合,IPTV-Nexus:3,https://dearbulut.github.io/iptv/playlists/category/movies.m3u,https://jmp2.uk/plu-68fbf8101d26140175db8b58.m3u8,3249,,True
Pluto TV Filmes Acao,Pluto TV Filmes Ação Brazil Pluto TV Filmes Ação,US,PlutoTVFilmesAcao.us,,电影综合,iptv-org,,https://jmp2.uk/plu-5f120f41b7d403000783a6d6.m3u8,3796,,True
Pluto TV Horror,,DE,PlutoTVHorror.de,,电影综合,iptv-org,,https://jmp2.uk/plu-61c09e3ac210ed0007606620.m3u8,2621,,True
Pluto TV Filmes de Luta,,Movies,PlutoTVFilmesdeLuta.us,,电影综合,IPTV-Nexus:3,https://dearbulut.github.io/iptv/playlists/category/movies.m3u,https://jmp2.uk/plu-6806d62369aec5b19cd628c0.m3u8,4337,,True
Pluto TV Haialarm,,Movies,PlutoTVHaialarm.de,,电影综合,IPTV-Nexus:3,https://dearbulut.github.io/iptv/playlists/category/movies.m3u,https://jmp2.uk/plu-69b015c5d29cc97de7da4af8.m3u8,3785,,True
Pluto TV Horror,,Movies,PlutoTVHorror.de,,电影综合,IPTV-Nexus:3,https://dearbulut.github.io/iptv/playlists/category/movies.m3u,https://jmp2.uk/plu-6267d4d1fb694f0007a6af0e.m3u8,3402,,True
Pluto TV Horror,,Movies,PlutoTVHorror.se,,电影综合,IPTV-Nexus:3,https://dearbulut.github.io/iptv/playlists/category/movies.m3u,https://jmp2.uk/plu-63a19cb7847a090007f230d7.m3u8,3304,,True
Pluto TV Horror,,DE,PlutoTVHorror.de,,电影综合,iptv-org,,https://jmp2.uk/plu-612cda102f5f18000705e0bf.m3u8,3537,,True
Pluto TV Horror,,DE,PlutoTVHorror.de,,电影综合,iptv-org,,https://jmp2.uk/plu-62f4f4b88157cf00075c22db.m3u8,3881,,True
Pluto TV Harlequin,,Movies,PlutoTVHarlequin.se,,电影综合,IPTV-Nexus:3,https://dearbulut.github.io/iptv/playlists/category/movies.m3u,https://jmp2.uk/plu-68c01b9a6bdcf3b9a64febcc.m3u8,4055,,True
Pluto TV Horror,,Movies,PlutoTVHorror.us,,电影综合,IPTV-Nexus:3,https://dearbulut.github.io/iptv/playlists/category/movies.m3u,https://jmp2.uk/plu-62ea3f8a38acc80007072d26.m3u8,3005,,True
Pluto TV Horror,,US,PlutoTVHorror.us,,电影综合,iptv-org,,https://jmp2.uk/plu-569546031a619b8f07ce6e25.m3u8,3175,,True
Pluto TV Horror,,SE,PlutoTVHorror.se,,电影综合,iptv-org,,https://jmp2.uk/plu-63a1c9790cc44a0007dc8857.m3u8,3736,,True
Pluto TV Humor,,Movies,PlutoTVHumor.se,,电影综合,IPTV-Nexus:3,https://dearbulut.github.io/iptv/playlists/category/movies.m3u,https://jmp2.uk/plu-61c0974945b45d0007aaa5ac.m3u8,3255,,True
Pluto TV Horror,,SE,PlutoTVHorror.se,,电影综合,iptv-org,,https://jmp2.uk/plu-63a19e1b9ab2df0007bef7a7.m3u8,4057,,True
Pluto TV Horror-Serien,,DE,PlutoTVHorrorSerien.de,,电影综合,iptv-org,,https://jmp2.uk/plu-67ff7d9c7fc25e0e72451bc9.m3u8,3722,,True
Pluto TV John Wayne,,Movies,PlutoTVJohnWayne.se,,电影综合,IPTV-Nexus:3,https://dearbulut.github.io/iptv/playlists/category/movies.m3u,https://jmp2.uk/plu-655caaaac0fc8800086f5d99.m3u8,3313,,True
Pluto TV Icons,,Movies,PlutoTVIcons.us,,电影综合,IPTV-Nexus:3,https://dearbulut.github.io/iptv/playlists/category/movies.m3u,https://jmp2.uk/plu-64b585f84ea480000838e446.m3u8,3482,,True
Pluto TV Kultfilm,,Movies,PlutoTVKultfilm.se,,电影综合,IPTV-Nexus:3,https://dearbulut.github.io/iptv/playlists/category/movies.m3u,https://jmp2.uk/plu-63dbe7ed51f5d000083e9499.m3u8,2879,,True
Pluto TV Kult Comedies,,Movies,PlutoTVKultComedies.de,,电影综合,IPTV-Nexus:3,https://dearbulut.github.io/iptv/playlists/category/movies.m3u,https://jmp2.uk/plu-66337de656fc840008ff7a65.m3u8,3109,,True
Pluto TV Klassiske tegnefilmer,,SE,PlutoTVKlassisketegnefilmer.se,,电影综合,iptv-org,,https://jmp2.uk/plu-67f508f68ddd60c57dc44766.m3u8,3435,,True
Pluto TV Komedi,,Movies,PlutoTVKomedi.se,,电影综合,IPTV-Nexus:3,https://dearbulut.github.io/iptv/playlists/category/movies.m3u,https://jmp2.uk/plu-61c0b36d18447e000717d686.m3u8,3261,,True
Pluto TV Komedie,,Movies,PlutoTVKomedie.se,,电影综合,IPTV-Nexus:3,https://dearbulut.github.io/iptv/playlists/category/movies.m3u,https://jmp2.uk/plu-61c1e3a679a4390007c78136.m3u8,3593,,True
Pluto TV Klassiske tegnefilm,,SE,PlutoTVKlassisketegnefilm.se,,电影综合,iptv-org,,https://jmp2.uk/plu-67f508992ebe80e2929b5c98.m3u8,3448,,True
Pluto TV Kultfilmer,,SE,PlutoTVKultfilmer.se,,电影综合,iptv-org,,https://jmp2.uk/plu-63dbe80f60bc8f0008aa7c78.m3u8,3380,,True
Pluto TV Legami Letali,,Movies,PlutoTVLegamiLetali.de,,电影综合,IPTV-Nexus:3,https://dearbulut.github.io/iptv/playlists/category/movies.m3u,https://jmp2.uk/plu-64808a8c536e0c0008a276d1.m3u8,3305,,True
Pluto TV Kultfilme,,Movies,PlutoTVKultfilme.de,,电影综合,IPTV-Nexus:3,https://dearbulut.github.io/iptv/playlists/category/movies.m3u,https://jmp2.uk/plu-5dde47b63585b500099f74ec.m3u8,3731,,True
Pluto TV Kultfilmer,,Movies,PlutoTVKultfilmer.se,,电影综合,IPTV-Nexus:3,https://dearbulut.github.io/iptv/playlists/category/movies.m3u,https://jmp2.uk/plu-63dbe8c8a9957100087798a3.m3u8,3539,,True
Pluto TV Movies,,Movies,PlutoTVMovies.de,,电影综合,IPTV-Nexus:3,https://dearbulut.github.io/iptv/playlists/category/movies.m3u,https://jmp2.uk/plu-5c5c3b948002db3c3e0b262e.m3u8,3390,,True
Pluto TV Notti di Terrore,,Movies,PlutoTVNottidiTerrore.de,,电影综合,IPTV-Nexus:3,https://dearbulut.github.io/iptv/playlists/category/movies.m3u,https://jmp2.uk/plu-6911c8dd8caba6f046c5c5d5.m3u8,3090,,True
Pluto TV Movies,,DE,PlutoTVMovies.de,,电影综合,iptv-org,,https://jmp2.uk/plu-5ad8d3a31b95267e225e4e09.m3u8,3618,,True
Pluto TV Paranormal,,Movies,PlutoTVParanormal.se,,电影综合,IPTV-Nexus:3,https://dearbulut.github.io/iptv/playlists/category/movies.m3u,https://jmp2.uk/plu-62b1e4189f5db20007ff03be.m3u8,2960,,True
Pluto TV Notti di Passione,,Movies,PlutoTVNottidiPassione.de,,电影综合,IPTV-Nexus:3,https://dearbulut.github.io/iptv/playlists/category/movies.m3u,https://jmp2.uk/plu-6911c9704316999535eb21cf.m3u8,4244,,True
Pluto TV Nuestro Cine,,Movies,PlutoTVNuestroCine.us,,电影综合,IPTV-Nexus:3,https://dearbulut.github.io/iptv/playlists/category/movies.m3u,https://jmp2.uk/plu-5defde6d6c07b50009cf0757.m3u8,3990,,True
Pluto TV Psycho,,Movies,PlutoTVPsycho.de,,电影综合,IPTV-Nexus:3,https://dearbulut.github.io/iptv/playlists/category/movies.m3u,https://jmp2.uk/plu-65ce480a78df2200131c597b.m3u8,3027,,True
Pluto TV Notti di Sangue,,Movies,PlutoTVNottidiSangue.de,,电影综合,IPTV-Nexus:3,https://dearbulut.github.io/iptv/playlists/category/movies.m3u,https://jmp2.uk/plu-6911c92b4316999535eb1e08.m3u8,4186,,True
Pluto TV Netmovies,,Movies,PlutoTVNetmovies.us,,电影综合,IPTV-Nexus:3,https://dearbulut.github.io/iptv/playlists/category/movies.m3u,https://jmp2.uk/plu-663b9de4f999220008230fa8.m3u8,4600,,True
Pluto TV Retro Action Movies,,Classic,PlutoTVRetroActionMovies.us,,电影综合,IPTV-Nexus:3,https://dearbulut.github.io/iptv/playlists/category/movies.m3u,https://jmp2.uk/plu-69a9ae4d3bd16a4ed04240d7.m3u8,3011,,True
Pluto TV Retro Crime Drama,,Classic,PlutoTVRetroCrimeDrama.us,,电影综合,IPTV-Nexus:4,https://dearbulut.github.io/iptv/playlists/category/classic.m3u,https://jmp2.uk/plu-630f1e6073bd1800082107f0.m3u8,3052,,True
Pluto TV Reaction,,Movies,PlutoTVReaction.us,,电影综合,IPTV-Nexus:3,https://dearbulut.github.io/iptv/playlists/category/movies.m3u,https://jmp2.uk/plu-617b37b361e0fd0008cfd8c5.m3u8,3503,,True
Pluto TV Retro Toons,,DE,PlutoTVRetroToons.de,,电影综合,iptv-org,,https://jmp2.uk/plu-611e6a9b4bb5790007a6f0f8.m3u8,2841,,True
Pluto TV Retro,Pluto TV Retrô,US,PlutoTVRetro.us,,电影综合,iptv-org,,https://jmp2.uk/plu-5f1212ad1728050007a523b8.m3u8,3491,,True
Pluto TV Romance,,Movies,PlutoTVRomance.us,,电影综合,IPTV-Nexus:3,https://dearbulut.github.io/iptv/playlists/category/movies.m3u,https://jmp2.uk/plu-5a66795ef91fef2c7031c599.m3u8,3032,,True
Pluto TV Retro Crime Action,,Classic,PlutoTVRetroCrimeAction.us,,电影综合,IPTV-Nexus:4,https://dearbulut.github.io/iptv/playlists/category/classic.m3u,https://jmp2.uk/plu-69aee8a1acb7eb0bb68df641.m3u8,3233,,True
Pluto TV Retro Kid,,US,PlutoTVRetroKid.us,,电影综合,iptv-org,,https://jmp2.uk/plu-6408b41b83f58900081d91ad.m3u8,3372,,True
Pluto TV Sci-Fi,,Series,PlutoTVSciFi.de,,电影综合,IPTV-Nexus:3,https://dearbulut.github.io/iptv/playlists/category/movies.m3u,https://jmp2.uk/plu-61728bb9ee3773000840c1fa.m3u8,2790,,True
Pluto TV Romantik,,Movies,PlutoTVRomantik.se,,电影综合,IPTV-Nexus:3,https://dearbulut.github.io/iptv/playlists/category/movies.m3u,https://jmp2.uk/plu-63a19da6847a090007f230da.m3u8,3029,,True
Pluto TV Retro Toons,,DE,PlutoTVRetroToons.de,,电影综合,iptv-org,,https://jmp2.uk/plu-5c5c2b9d8002db3c3e0b1c6d.m3u8,3336,,True
Pluto TV Sci-Fi,,Series,PlutoTVSciFi.us,,电影综合,IPTV-Nexus:3,https://dearbulut.github.io/iptv/playlists/category/movies.m3u,https://jmp2.uk/plu-5f2817d3d7573a00080f9175.m3u8,3455,,True
Pluto TV Spotlight,,Movies,PlutoTVSpotlight.us,,电影综合,IPTV-Nexus:3,https://dearbulut.github.io/iptv/playlists/category/movies.m3u,https://jmp2.uk/plu-5ba3fb9c4b078e0f37ad34e8.m3u8,3191,,True
Pluto TV Serie Sci-Fi,,Movies,PlutoTVSerieSciFi.de,,电影综合,IPTV-Nexus:3,https://dearbulut.github.io/iptv/playlists/category/movies.m3u,https://jmp2.uk/plu-67ed14aaf7c5d70b9089c3bf.m3u8,3917,,True
Pluto TV Romantikk,,Movies,PlutoTVRomantikk.se,,电影综合,IPTV-Nexus:3,https://dearbulut.github.io/iptv/playlists/category/movies.m3u,https://jmp2.uk/plu-63a19bb5e6914b000721b5c0.m3u8,4021,,True
Pluto TV Sci-Fi,,Series,PlutoTVSciFi.se,,电影综合,IPTV-Nexus:3,https://dearbulut.github.io/iptv/playlists/category/movies.m3u,https://jmp2.uk/plu-61f957e051cca800076f2358.m3u8,3698,,True
Pluto TV Star Trek,,Movies,PlutoTVStarTrek.de,,电影综合,IPTV-Nexus:3,https://dearbulut.github.io/iptv/playlists/category/movies.m3u,https://jmp2.uk/plu-6152ee71bf99590007893a11.m3u8,3093,,True
Pluto TV Staff Picks,,Movies,PlutoTVStaffPicks.us,,电影综合,IPTV-Nexus:3,https://dearbulut.github.io/iptv/playlists/category/movies.m3u,https://jmp2.uk/plu-5f4d863b98b41000076cd061.m3u8,3465,,True
Popcorn Central,,Movies,PopcornCentral.mx,,电影综合,IPTV-Nexus:3,https://dearbulut.github.io/iptv/playlists/category/movies.m3u,https://oly-ftvpc.otteravision.com/oly/ftvpc/ftvpc.m3u8,1502,,True
Pluto TV Weihnachten im Sommer,,Movies,PlutoTVWeihnachtenimSommer.de,,电影综合,IPTV-Nexus:3,https://dearbulut.github.io/iptv/playlists/category/movies.m3u,https://jmp2.uk/plu-642ad072283aa4000806148c.m3u8,3034,,True
Pluto TV Series Retro,,Classic,PlutoTVSeriesRetro.us,,电影综合,IPTV-Nexus:4,https://dearbulut.github.io/iptv/playlists/category/classic.m3u,https://jmp2.uk/plu-5de802659167b10009e7deba.m3u8,3769,,True
Pluto TV Trending Now,,Movies,PlutoTVTrendingNow.us,,电影综合,IPTV-Nexus:3,https://dearbulut.github.io/iptv/playlists/category/movies.m3u,https://jmp2.uk/plu-673247127d5da5000817b4d6.m3u8,2691,,True
Pluto TV Sherlock,,Classic,PlutoTVSherlock.de,,电影综合,IPTV-Nexus:4,https://dearbulut.github.io/iptv/playlists/category/classic.m3u,https://jmp2.uk/plu-5dc2c00abfed110009d97243.m3u8,3804,,True
Pluto TV Thrillers,,DE,PlutoTVThrillers.de,,电影综合,iptv-org,,https://jmp2.uk/plu-5f1ac8a87cd38d000745d7cf.m3u8,3126,,True
Pluto TV Thrillers,,Movies,PlutoTVThrillers.de,,电影综合,IPTV-Nexus:3,https://dearbulut.github.io/iptv/playlists/category/movies.m3u,https://jmp2.uk/plu-5dbfedccc563080009b60f4a.m3u8,3449,,True
Pluto TV Thrillers,,Movies,PlutoTVThrillers.us,,电影综合,IPTV-Nexus:3,https://dearbulut.github.io/iptv/playlists/category/movies.m3u,https://jmp2.uk/plu-5b4e69e08291147bd04a9fd7.m3u8,3252,,True
Pluto TV Western,,Movies,PlutoTVWestern.de,,电影综合,IPTV-Nexus:3,https://dearbulut.github.io/iptv/playlists/category/movies.m3u,https://jmp2.uk/plu-62e7fb67478a5b0007e6c50c.m3u8,3081,,True
Pluto TV Terror Trash,,Movies,PlutoTVTerrorTrash.us,,电影综合,IPTV-Nexus:3,https://dearbulut.github.io/iptv/playlists/category/movies.m3u,https://jmp2.uk/plu-66aa67493a4ad2000806d91b.m3u8,3403,,True
Pluto TV Star Trek,,Movies,PlutoTVStarTrek.se,,电影综合,IPTV-Nexus:3,https://dearbulut.github.io/iptv/playlists/category/movies.m3u,https://jmp2.uk/plu-61c1979dfa307000070bbe4d.m3u8,3621,,True
Pluto TV Westerns,,Movies,PlutoTVWesterns.de,,电影综合,IPTV-Nexus:3,https://dearbulut.github.io/iptv/playlists/category/movies.m3u,https://jmp2.uk/plu-5d4bdb635ce813b38639e6a3.m3u8,3120,,True
Pluto TV Tegnefilm,,SE,PlutoTVTegnefilm.se,,电影综合,iptv-org,,https://jmp2.uk/plu-61c09938e0d3a700072b68b1.m3u8,3922,,True
Pluto TV Tegnefilm,,SE,PlutoTVTegnefilm.se,,电影综合,iptv-org,,https://jmp2.uk/plu-61c1e914bf8c520007a93ff1.m3u8,4183,,True
Pluto TV Zombies,,Movies,PlutoTVZombies.de,,电影综合,IPTV-Nexus:3,https://dearbulut.github.io/iptv/playlists/category/movies.m3u,https://jmp2.uk/plu-65786888b228b7000843ad9a.m3u8,2917,,True
Public Movies,,Movies,PublicMovies.in,,电影综合,IPTV-Nexus:3,https://dearbulut.github.io/iptv/playlists/category/movies.m3u,https://mumt04.tangotv.in/m18aqlK4PUBLICMOVIES/index.m3u8,2029,,True
Pluto TV Wild West,,Movies,PlutoTVWildWest.se,,电影综合,IPTV-Nexus:3,https://dearbulut.github.io/iptv/playlists/category/movies.m3u,https://jmp2.uk/plu-68c017bf337652ee75db201f.m3u8,3198,,True
Pluto TV Terror,,Movies,PlutoTVTerror.us,,电影综合,IPTV-Nexus:3,https://dearbulut.github.io/iptv/playlists/category/movies.m3u,https://jmp2.uk/plu-5c6dc88fcd232425a6e0f06e.m3u8,3831,,True
Raj Digital Plus,,Movies,RajDigitalPlus.in,,电影综合,IPTV-Nexus:3,https://dearbulut.github.io/iptv/playlists/category/movies.m3u,https://livestream.rajtv.tv/hlslive/Admin/px08241087/live/RajTV_Digital_plus/master_1.m3u8,2127,,True
Pluto TV Westerns,,Movies,PlutoTVWesterns.us,,电影综合,IPTV-Nexus:3,https://dearbulut.github.io/iptv/playlists/category/movies.m3u,https://jmp2.uk/plu-5b4e94282d4ec87bdcbb87cd.m3u8,3484,,True
Rakuten TV Action Movies,,ES,RakutenTVActionMovies.es,,电影综合,iptv-org,,https://bca5a421a70c46ad911efd0a4767c4bf.mediatailor.eu-west-1.amazonaws.com/v1/master/0547f18649bd788bec7b67b746e47670f558b6b2/production-LiveChannel-6075/master.m3u8,1898,,True
Pro Cinema,,Movies,ProCinema.ro,,电影综合,IPTV-Nexus:3,https://dearbulut.github.io/iptv/playlists/category/movies.m3u,http://eb4b8dcf.kablakaka.ru/iptv/AE8BY6FHF5ZGAG/6951/index.m3u8,2667,,True
Rakuten TV Action Movies,,ES,RakutenTVActionMovies.es,,电影综合,iptv-org,,https://87f2e2e5e7624e3bad85da1ca2ed31a7.mediatailor.eu-west-1.amazonaws.com/v1/master/0547f18649bd788bec7b67b746e47670f558b6b2/production-LiveChannel-6067/master.m3u8,1917,,True
Rakuten TV Action Movies,,Movies,RakutenTVActionMovies.es,,电影综合,IPTV-Nexus:3,https://dearbulut.github.io/iptv/playlists/category/movies.m3u,https://284824cf70404fdfb6ddf9349009c710.mediatailor.eu-west-1.amazonaws.com/v1/master/0547f18649bd788bec7b67b746e47670f558b6b2/production-LiveChannel-6066/master.m3u8,2012,,True
Rakuten TV Comedy Movies,,ES,RakutenTVComedyMovies.es,,电影综合,iptv-org,,https://9be783d652cd4b099cf63e1dc134c4a3.mediatailor.eu-west-1.amazonaws.com/v1/master/0547f18649bd788bec7b67b746e47670f558b6b2/production-LiveChannel-6181/master.m3u8,1697,,True
Rakuten TV Action Movies,,ES,RakutenTVActionMovies.es,,电影综合,iptv-org,,https://a9c57ec7ec5e4b7daeacc6316a0bb404.mediatailor.eu-west-1.amazonaws.com/v1/master/0547f18649bd788bec7b67b746e47670f558b6b2/production-LiveChannel-6069/master.m3u8,1858,,True
Rakuten TV Comedy Movies,,Movies,RakutenTVComedyMovies.es,,电影综合,IPTV-Nexus:3,https://dearbulut.github.io/iptv/playlists/category/movies.m3u,https://b8bc6c4b9be64bd6aeb3b92aa8521ed4.mediatailor.eu-west-1.amazonaws.com/v1/master/0547f18649bd788bec7b67b746e47670f558b6b2/production-LiveChannel-6184/master.m3u8,1810,,True
Rakuten TV Comedy Movies,,ES,RakutenTVComedyMovies.es,,电影综合,iptv-org,,https://71db867f03ce4d71a29e92155f07ab87.mediatailor.eu-west-1.amazonaws.com/v1/master/0547f18649bd788bec7b67b746e47670f558b6b2/production-LiveChannel-6180/master.m3u8,1863,,True
Punjabi Shorts,,Movies,PunjabiShorts.in,,电影综合,IPTV-Nexus:3,https://dearbulut.github.io/iptv/playlists/category/movies.m3u,https://vglivessai.akamaized.net/ptnr-yupptv/title-Punjabi_Shorts/in/v1/master/611d79b11b77e2f571934fd80ca1413453772ac7/27c3fd7a-b01f-4b00-ac03-557ac77acd47/index.m3u8,1892,,True
Rakuten TV Drama Movies,,ES,RakutenTVDramaMovies.es,,电影综合,iptv-org,,https://f84e0b1628464fab846160df957f269e.mediatailor.eu-west-1.amazonaws.com/v1/master/0547f18649bd788bec7b67b746e47670f558b6b2/production-LiveChannel-6094/master.m3u8,1790,,True
Rakuten TV Action Movies,,ES,RakutenTVActionMovies.es,,电影综合,iptv-org,,https://54045f0c40fd442c8b06df076aaf1e85.mediatailor.eu-west-1.amazonaws.com/v1/master/0547f18649bd788bec7b67b746e47670f558b6b2/production-LiveChannel-6065/master.m3u8,2237,,True
Rakuten TV Comedy Movies,,ES,RakutenTVComedyMovies.es,,电影综合,iptv-org,,https://a300af98e00746e2acf2346f43e47bd1.mediatailor.eu-west-1.amazonaws.com/v1/master/0547f18649bd788bec7b67b746e47670f558b6b2/production-LiveChannel-6191/master.m3u8,2227,,True
Retro,Ретро,RU,Retro.ru,,电影综合,iptv-org,,http://176.118.197.101/Retro/index.m3u8,578,,True
Rakuten TV Comedy Movies,,ES,RakutenTVComedyMovies.es,,电影综合,iptv-org,,https://ecac08c9e2214375b907d6825aaf9a01.mediatailor.eu-west-1.amazonaws.com/v1/master/0547f18649bd788bec7b67b746e47670f558b6b2/production-LiveChannel-6182/master.m3u8,2266,,True
Rakuten TV Drama Movies,,ES,RakutenTVDramaMovies.es,,电影综合,iptv-org,,https://fee09fd665814f51b939b6d106cf5f66.mediatailor.eu-west-1.amazonaws.com/v1/master/0547f18649bd788bec7b67b746e47670f558b6b2/production-LiveChannel-6093/master.m3u8,1828,,True
Puto TV Classic TV Crime Drama,,Classic,PutoTVClassicTVCrimeDrama.us,,电影综合,IPTV-Nexus:4,https://dearbulut.github.io/iptv/playlists/category/classic.m3u,https://jmp2.uk/plu-696e61287d2afdec4ff2cb75.m3u8,3304,,True
Rakuten TV Drama Movies,,ES,RakutenTVDramaMovies.es,,电影综合,iptv-org,,https://968754c2483045c1a9a7f677caec35b6.mediatailor.eu-west-1.amazonaws.com/v1/master/0547f18649bd788bec7b67b746e47670f558b6b2/production-LiveChannel-6096/master.m3u8,2093,,True
Rakuten TV Drama Movies,,Movies,RakutenTVDramaMovies.es,,电影综合,IPTV-Nexus:3,https://dearbulut.github.io/iptv/playlists/category/movies.m3u,https://d7e8ee3c924d4305a0c1840fe94c5d36.mediatailor.eu-west-1.amazonaws.com/v1/master/0547f18649bd788bec7b67b746e47670f558b6b2/production-LiveChannel-6102/master.m3u8,2156,,True
Rakuten TV Drama Movies,,ES,RakutenTVDramaMovies.es,,电影综合,iptv-org,,https://a7089c89d85f453d850c4a1518b43076.mediatailor.eu-west-1.amazonaws.com/v1/master/0547f18649bd788bec7b67b746e47670f558b6b2/production-LiveChannel-6092/master.m3u8,1999,,True
Rakuten TV Family Movies,,ES,RakutenTVFamilyMovies.es,,电影综合,iptv-org,,https://758ee983d61e400381dea6fa8154f4e0.mediatailor.eu-west-1.amazonaws.com/v1/master/0547f18649bd788bec7b67b746e47670f558b6b2/production-LiveChannel-6227/master.m3u8,1797,,True
Rakuten TV Family Movies,,Family,RakutenTVFamilyMovies.es,,电影综合,IPTV-Nexus:3,https://dearbulut.github.io/iptv/playlists/category/movies.m3u,https://af230031eeac45f3b78d4f8a13265105.mediatailor.eu-west-1.amazonaws.com/v1/master/0547f18649bd788bec7b67b746e47670f558b6b2/production-LiveChannel-6209/master.m3u8,1746,,True
Rakuten TV Family Movies,,ES,RakutenTVFamilyMovies.es,,电影综合,iptv-org,,https://3315fc3e7276420f895e19cf807dbee1.mediatailor.eu-west-1.amazonaws.com/v1/master/0547f18649bd788bec7b67b746e47670f558b6b2/production-LiveChannel-6215/master.m3u8,1791,,True
Rakuten TV Family Movies,,ES,RakutenTVFamilyMovies.es,,电影综合,iptv-org,,https://b0d59c8c98974e708e5ccb9a27cdfdfc.mediatailor.eu-west-1.amazonaws.com/v1/master/0547f18649bd788bec7b67b746e47670f558b6b2/production-LiveChannel-6205/master.m3u8,1697,,True
RetroCrush,,US,RetroCrush.us,,电影综合,iptv-org,,https://d2nqmwm1ndpgi2.cloudfront.net/playlist.m3u8,1015,,True
Rakuten TV Family Movies,,ES,RakutenTVFamilyMovies.es,,电影综合,iptv-org,,https://e3207568b726401995c25670faaf32e4.mediatailor.eu-west-1.amazonaws.com/v1/master/0547f18649bd788bec7b67b746e47670f558b6b2/production-LiveChannel-6203/master.m3u8,1573,,True
Retro,Ретро,RU,Retro.ru,,电影综合,iptv-org,,http://str2.iptvhd.ru:8080/Retro/index.m3u8,1057,,True
Rakuten TV Top Movies,,Movies,RakutenTVTopMovies.es,,电影综合,IPTV-Nexus:3,https://dearbulut.github.io/iptv/playlists/category/movies.m3u,https://cbb622b29f5d43b598991f3fa19de291.mediatailor.eu-west-1.amazonaws.com/v1/master/0547f18649bd788bec7b67b746e47670f558b6b2/production-LiveChannel-5985/master.m3u8,1531,,True
Retro,Ретро,RU,Retro.ru,,电影综合,iptv-org,,http://stream.mcquack.net/191/index.m3u8,907,,True
Rakuten TV Nordic Films,Rakuten TV Pohjois Elokuvat,ES,RakutenTVNordicFilms.es,,电影综合,iptv-org,,https://4aa9ef08b70d4b0c8f3519c5950b1930.mediatailor.eu-west-1.amazonaws.com/v1/master/0547f18649bd788bec7b67b746e47670f558b6b2/production-LiveChannel-6303/master.m3u8,1590,,True
RetroCrush,,Classic,RetroCrush.us,,电影综合,IPTV-Nexus:4,https://dearbulut.github.io/iptv/playlists/category/classic.m3u,https://linear-899.frequency.stream/dist/cineverse/899/hls/master/playlist.m3u8,1316,,True
Rakuten TV Top Movies,,ES,RakutenTVTopMovies.es,,电影综合,iptv-org,,https://d4a4999341764c67a67e9ec9eb3790ab.mediatailor.eu-west-1.amazonaws.com/v1/master/0547f18649bd788bec7b67b746e47670f558b6b2/production-LiveChannel-5984/master.m3u8,1514,,True
Rakuten TV Top Movies,,ES,RakutenTVTopMovies.es,,电影综合,iptv-org,,https://1d1b0d4cb6ae4c31985d13221795695b.mediatailor.eu-west-1.amazonaws.com/v1/master/0547f18649bd788bec7b67b746e47670f558b6b2/production-LiveChannel-6057/master.m3u8,1450,,True
Rakuten TV Top Movies,,ES,RakutenTVTopMovies.es,,电影综合,iptv-org,,https://0145451975a64b35866170fd2e8fa486.mediatailor.eu-west-1.amazonaws.com/v1/master/0547f18649bd788bec7b67b746e47670f558b6b2/production-LiveChannel-5987/master.m3u8,1474,,True
Rakuten TV Top Movies,,ES,RakutenTVTopMovies.es,,电影综合,iptv-org,,https://ff335120300e4742a2b135ee9a9e7df8.mediatailor.eu-west-1.amazonaws.com/v1/master/0547f18649bd788bec7b67b746e47670f558b6b2/production-LiveChannel-5983/master.m3u8,1518,,True
Retroclub,,AR,Retroclub.ar,,电影综合,iptv-org,,https://video03.logicahost.com.br/retroclub02/retroclub02/playlist.m3u8,2028,,True
Rotana Cinema KSA,روتانا سينما السعودية,SA,RotanaCinemaKSA.sa,,电影综合,iptv-org,,https://rotana.hibridcdn.net/rotananet/cinema_net-7Y83PP5adWixDF93/playlist.m3u8,1458,,True
Rawhide,,Movies,Rawhide.us,,电影综合,IPTV-Nexus:3,https://dearbulut.github.io/iptv/playlists/category/movies.m3u,https://jmp2.uk/plu-634f307c7a068e00072c9982.m3u8,1976,,True
Rotana Cinema Egypt,روتانا سينما مصر Rotana Cinema Masr,EG,RotanaCinemaEgypt.eg,,电影综合,iptv-org,,https://rotana.hibridcdn.net/rotananet/cinemamasr_net-7Y83PP5adWixDF93/playlist.m3u8,1410,,True
Retro Plus 2,,CL,RetroPlus2.cl,,电影综合,iptv-org,,https://tls-cl.cdnz.cl/retroplustvuno/live/playlist.m3u8,2013,,True
Rawhide,,Series,Rawhide.se,,电影综合,IPTV-Nexus:4,https://dearbulut.github.io/iptv/playlists/category/classic.m3u,https://jmp2.uk/plu-6964ba787e92438c2754e924.m3u8,2092,,True
Rotana Classic,روتانا كلاسيك,SA,RotanaClassic.sa,,电影综合,iptv-org,,https://rotana.hibridcdn.net/rotananet/classical_net-7Y83PP5adWixDF93/playlist.m3u8,1597,,True
Sony Movies Latin America,,Movies,SonyMoviesLatinAmerica.us,,电影综合,IPTV-Nexus:3,https://dearbulut.github.io/iptv/playlists/category/movies.m3u,http://15.204.246.24:8080/SonyMoviesHD/index.m3u8,714,,True
Shubh Cinema TV,,Movies,ShubhCinemaTV.in,,电影综合,IPTV-Nexus:3,https://dearbulut.github.io/iptv/playlists/category/movies.m3u,https://d393sxaxig6bax.cloudfront.net/out/v1/589cf2cf44bf42bb941e817a2240d62e/index.m3u8,1061,,True
Retro Music TV,,CZ,RetroMusicTV.cz,,电影综合,iptv-org,,https://stream.mediawork.cz/retrotv/retrotvHQ1/playlist.m3u8,2245,,True
Retro Music TV,,CZ,RetroMusicTV.cz,,电影综合,iptv-org,,https://stream.mediawork.cz/retrotv/smil:retrotv2.smil/playlist.m3u8,2055,,True
Retro,Ретро,RU,Retro.ru,,电影综合,iptv-org,,https://stream8.cinerama.uz/1047/tracks-v1a1/mono.m3u8,2464,,True
Sony Movies,,BR,SonyMovies.br,,电影综合,iptv-org,,http://45.162.64.114/SONY_MOVIES/index.m3u8,987,,True
Shubh Cinema TV,,IN,ShubhCinemaTV.in,,电影综合,iptv-org,,https://mumt03.tangotv.in/Dsly5z3HSHUBHCINEMA/index.m3u8,1539,,True
Sony Movies,,BR,SonyMovies.br,,电影综合,iptv-org,,http://168.197.104.22/SONY_MOVIES/index.m3u8,992,,True
Sony Movies,,BR,SonyMovies.br,,电影综合,iptv-org,,http://170.83.16.50/SONY_MOVIES/index.m3u8,1001,,True
Sony Movies,,Movies,SonyMovies.br,,电影综合,IPTV-Nexus:3,https://dearbulut.github.io/iptv/playlists/category/movies.m3u,http://45.177.114.115/SONY_MOVIES/index.m3u8,1000,,True
Silk Way Cinema,,Movies,SilkWayCinema.kz,,电影综合,IPTV-Nexus:3,https://dearbulut.github.io/iptv/playlists/category/movies.m3u,https://stream.qazcdn.net/ex6r514/silkwaycinema/index.m3u8,1574,,True
Runtime,,Movies,Runtime.us,,电影综合,IPTV-Nexus:3,https://dearbulut.github.io/iptv/playlists/category/movies.m3u,https://jmp2.uk/plu-6086d3f420fc8500075f8dbf.m3u8,2206,,True
Star Channel,,Movies,StarChannel.cl,,电影综合,IPTV-Nexus:3,https://dearbulut.github.io/iptv/playlists/category/movies.m3u,http://138.121.15.230:9002/STAR-CHANNEL/index.m3u8,799,,True
Sony One Hits Action,,Movies,SonyOneHitsAction.fr,,电影综合,IPTV-Nexus:3,https://dearbulut.github.io/iptv/playlists/category/movies.m3u,https://d1tvu4639eiqii.cloudfront.net/playlist.m3u8,1435,,True
Star Channel Latin America,,Movies,StarChannelLatinAmerica.us,,电影综合,IPTV-Nexus:3,https://dearbulut.github.io/iptv/playlists/category/movies.m3u,http://15.204.246.24:8080/STARCHANNELHD/index.m3u8,804,,True
South Station,,Movies,SouthStation.in,,电影综合,IPTV-Nexus:3,https://dearbulut.github.io/iptv/playlists/category/movies.m3u,https://cc-yw7ztecy8do3q.akamaized.net/v1/master/3722c60a815c199d9c0ef36c5b73da68a62b09d1/cc-yw7ztecy8do3q/SS_IN.m3u8,1275,,True
Star Gold 2,,Movies,StarGold2.in,,电影综合,IPTV-Nexus:3,https://dearbulut.github.io/iptv/playlists/category/movies.m3u,http://107.167.16.138/stargold2/index.m3u8?token=test,736,,True
SL 1,,Movies,SL1.ir,,电影综合,IPTV-Nexus:3,https://dearbulut.github.io/iptv/playlists/category/movies.m3u,https://slonehls.wns.live/hls/stream.m3u8,1339,,True
SensaCine TV x Pluto,,Movies,SensaCineTVxPluto.de,,电影综合,IPTV-Nexus:3,https://dearbulut.github.io/iptv/playlists/category/movies.m3u,https://jmp2.uk/plu-676e7b4a4bd636000819c6a7.m3u8,2353,,True
SL 2,,Movies,SL2.ir,,电影综合,IPTV-Nexus:3,https://dearbulut.github.io/iptv/playlists/category/movies.m3u,https://sltwohls.wns.live/hls/stream.m3u8,1354,,True
Starz Cinema,,Movies,StarzCinema.us,,电影综合,IPTV-Nexus:3,https://dearbulut.github.io/iptv/playlists/category/movies.m3u,http://23.237.104.106:8080/USA_STARZ_CINEMA/index.m3u8,772,,True
Star Maa Movies,Maa Movies,IN,StarMaaMovies.in,,电影综合,iptv-org,,https://da86m1sqpm3o0.cloudfront.net/28072023/smil:maamovies.smil/chunklist_b2628000.m3u8,865,,True
Star Family,,Movies,StarFamily.ru,,电影综合,IPTV-Nexus:3,https://dearbulut.github.io/iptv/playlists/category/movies.m3u,http://str2.iptvhd.ru:8080/112Ukraina/index.m3u8,897,,True
START Air,,Movies,STARTAir.ru,,电影综合,IPTV-Nexus:3,https://dearbulut.github.io/iptv/playlists/category/movies.m3u,http://str2.iptvhd.ru:8080/START_Air_HD/index.m3u8,968,,True
Stingray Classica,,CA,StingrayClassica.ca,,电影综合,iptv-org,,https://lotus.stingray.com/manifest/classica-cla008-montreal/samsungtvplus/master.m3u8,1332,,True
Stingray Classic Rock,,CA,StingrayClassicRock.ca,,电影综合,iptv-org,,https://lotus.stingray.com/manifest/ose-101ads-montreal/samsungtvplus/master.m3u8,1272,,True
START World,,Movies,STARTWorld.ru,,电影综合,IPTV-Nexus:3,https://dearbulut.github.io/iptv/playlists/category/movies.m3u,http://str2.iptvhd.ru:8080/START_World_HD/index.m3u8,1113,,True
SYFY,,Movies,SYFY.us,,电影综合,IPTV-Nexus:3,https://dearbulut.github.io/iptv/playlists/category/movies.m3u,http://23.237.104.106:8080/USA_SYFY/index.m3u8,710,,True
Star Cinema,,Movies,StarCinema.ru,,电影综合,IPTV-Nexus:3,https://dearbulut.github.io/iptv/playlists/category/movies.m3u,https://dash2.antik.sk/live/test_star_cinema_atktv/playlist.m3u8,1446,,True
Star Trek: Deep Space Nine,,Movies,StarTrekDeepSpaceNine.us,,电影综合,IPTV-Nexus:3,https://dearbulut.github.io/iptv/playlists/category/movies.m3u,https://jmp2.uk/plu-65c69bbfd77d450008c7ffee.m3u8,1972,,True
Star Trek Movies,,SE,StarTrekMovies.se,,电影综合,iptv-org,,https://jmp2.uk/plu-6400c281dff38e00083f59da.m3u8,2057,,True
Studio One +,,Movies,StudioOnePlus.in,,电影综合,IPTV-Nexus:3,https://dearbulut.github.io/iptv/playlists/category/movies.m3u,https://mumt04.tangotv.in/m18aqlK4STUDIOONEPLUS/index.m3u8,1618,,True
Star Trek Movies,,SE,StarTrekMovies.se,,电影综合,iptv-org,,https://jmp2.uk/plu-6400c228498393000878a9b7.m3u8,1832,,True
Suriyan TV,,Movies,SuriyanTV.in,,电影综合,IPTV-Nexus:3,https://dearbulut.github.io/iptv/playlists/category/movies.m3u,https://hlslive.olidigital.in/suriyantv/suriyantv/index.m3u8,1587,,True
Star Trek Movies,,Movies,StarTrekMovies.se,,电影综合,IPTV-Nexus:3,https://dearbulut.github.io/iptv/playlists/category/movies.m3u,https://jmp2.uk/plu-6400c2a6cb41a40008dbe5bc.m3u8,1970,,True
The Carol Burnett Show,,Classic,TheCarolBurnettShow.us,,电影综合,IPTV-Nexus:4,https://dearbulut.github.io/iptv/playlists/category/classic.m3u,https://aegis-cloudfront-1.tubi.video/e17b8de5-e8b7-415a-8377-5707a2f9a727/playlist.m3u8,1328,,True
Star Trek: The Next Generation,,Movies,StarTrekTheNextGeneration.us,,电影综合,IPTV-Nexus:3,https://dearbulut.github.io/iptv/playlists/category/movies.m3u,https://jmp2.uk/plu-695c32e61ca20bb8ca802eb9.m3u8,2138,,True
Star Trek: The Next Generation,,Movies,StarTrekTheNextGeneration.de,,电影综合,IPTV-Nexus:3,https://dearbulut.github.io/iptv/playlists/category/movies.m3u,https://jmp2.uk/plu-69776ce979545c21a1220bff.m3u8,2351,,True
The Archive,,Classic,TheArchive.us,,电影综合,IPTV-Nexus:4,https://dearbulut.github.io/iptv/playlists/category/classic.m3u,https://linear-1080.frequency.stream/dist/cineverse/1080/hls/master/playlist.m3u8,1479,,True
Star Trek: The Original Series,,Movies,StarTrekTheOriginalSeries.de,,电影综合,IPTV-Nexus:3,https://dearbulut.github.io/iptv/playlists/category/movies.m3u,https://jmp2.uk/plu-69776b58036e883f39e5ab8a.m3u8,2598,,True
Star Trek: Voyager,,Movies,StarTrekVoyager.de,,电影综合,IPTV-Nexus:3,https://dearbulut.github.io/iptv/playlists/category/movies.m3u,https://jmp2.uk/plu-65cb73d33ba51e00084cabad.m3u8,2544,,True
Star Trek: Voyager,,Movies,StarTrekVoyager.us,,电影综合,IPTV-Nexus:3,https://dearbulut.github.io/iptv/playlists/category/movies.m3u,https://jmp2.uk/plu-634dacf51d90320007fcd5fa.m3u8,2865,,True
Top Movies Polska,Rakuten TV - Top Movies Polska,PL,TopMoviesPolska.pl,,电影综合,iptv-org,,https://top-movies-rakuten-tv-pl.fast.rakuten.tv/v1/master/0547f18649bd788bec7b67b746e47670f558b6b2/production-LiveChannel-6059/master.m3u8,957,,True
Star Trek: The Original Series,,Movies,StarTrekTheOriginalSeries.se,,电影综合,IPTV-Nexus:3,https://dearbulut.github.io/iptv/playlists/category/movies.m3u,https://jmp2.uk/plu-693ade4d569386f93f235bb6.m3u8,3182,,True
The Andy Griffith Show,,Classic,TheAndyGriffithShow.us,,电影综合,IPTV-Nexus:4,https://dearbulut.github.io/iptv/playlists/category/classic.m3u,https://jmp2.uk/plu-62e9145ec07f2a00070e68dc.m3u8,2092,,True
The Movie Club,,Movies,TheMovieClub.in,,电影综合,IPTV-Nexus:3,https://dearbulut.github.io/iptv/playlists/category/movies.m3u,https://d3gnyty2vddhsg.cloudfront.net/v1/master/3722c60a815c199d9c0ef36c5b73da68a62b09d1/pb-ytipwjqub3kf8/TMC2_IN.m3u8?ads.ads_cdn=cf&ads.cdn=cf,1702,,True
The Film Detective,,Movies,TheFilmDetective.us,,电影综合,IPTV-Nexus:3,https://dearbulut.github.io/iptv/playlists/category/movies.m3u,https://cinedigm-entertainment-corp-thefilmdetective-1-us.ono.wurl.tv/playlist.m3u8,1618,,True
True Thai Film,,Movies,TrueThaiFilm.th,,电影综合,IPTV-Nexus:3,https://dearbulut.github.io/iptv/playlists/category/movies.m3u,http://58.8.186.128:10003/bysid/2326,1164,,True
True Film 1,,Movies,TrueFilm1.th,,电影综合,IPTV-Nexus:3,https://dearbulut.github.io/iptv/playlists/category/movies.m3u,http://58.8.186.128:10004/bysid/2415,1591,,True
True Film 2,,Movies,TrueFilm2.th,,电影综合,IPTV-Nexus:3,https://dearbulut.github.io/iptv/playlists/category/movies.m3u,http://58.8.186.128:10004/bysid/2432,1617,,True
True Movie Hits,,Movies,TrueMovieHits.th,,电影综合,IPTV-Nexus:3,https://dearbulut.github.io/iptv/playlists/category/movies.m3u,http://58.8.186.128:10003/bysid/2325,1414,,True
True Film Asia,,Movies,TrueFilmAsia.th,,电影综合,IPTV-Nexus:3,https://dearbulut.github.io/iptv/playlists/category/movies.m3u,http://58.8.186.128:10004/bysid/2416,1647,,True
The Retro Channel,5.4 Tele5.4,PR,TheRetroChannel.pr,,电影综合,iptv-org,,https://583ed2f226ac2.streamlock.net/theretrochannel/stream/playlist.m3u8,1912,,True
The Beverly Hillbillies,,Comedy,TheBeverlyHillbillies.us,,电影综合,IPTV-Nexus:4,https://dearbulut.github.io/iptv/playlists/category/classic.m3u,https://jmp2.uk/plu-6565fefdc917a50008485cc6.m3u8,2292,,True
The Love Boat,,Classic,TheLoveBoat.us,,电影综合,IPTV-Nexus:4,https://dearbulut.github.io/iptv/playlists/category/classic.m3u,https://jmp2.uk/plu-5f7794a788d29000079d2f07.m3u8,2420,,True
TV 21 International,,Movies,TV21International.ru,,电影综合,IPTV-Nexus:3,https://dearbulut.github.io/iptv/playlists/category/movies.m3u,http://stream.mcquack.net/152/index.m3u8,1005,,True
The Movie Club,,IN,TheMovieClub.in,,电影综合,iptv-org,,https://mumbai-edge.smartplaytv.in/TheMovieClub/index.m3u8,2268,,True
Thalaa TV,,Movies,ThalaaTV.in,,电影综合,IPTV-Nexus:3,https://dearbulut.github.io/iptv/playlists/category/movies.m3u,https://streams2.sofast.tv/v1/master/611d79b11b77e2f571934fd80ca1413453772ac7/2069c593-3c07-4d62-9d44-746be5c3a5d6/manifest.m3u8,1885,,True
The Twilight Zone,,Movies,TheTwilightZone.se,,电影综合,IPTV-Nexus:3,https://dearbulut.github.io/iptv/playlists/category/movies.m3u,https://jmp2.uk/plu-6512d3a0bdcb19000799cc82.m3u8,2261,,True
The Wild Wild West,,Movies,TheWildWildWest.us,,电影综合,IPTV-Nexus:3,https://dearbulut.github.io/iptv/playlists/category/movies.m3u,https://jmp2.uk/plu-664e640a0120f40008be4582.m3u8,2344,,True
The Movie Club,,IN,TheMovieClub.in,,电影综合,iptv-org,,https://sis-global.prod.samsungtv.plus/v1/tvpprd/sc-mp2ar4ca425xo.m3u8,2305,,True
TV1000,,Movies,TV1000.bg,,电影综合,IPTV-Nexus:3,https://dearbulut.github.io/iptv/playlists/category/movies.m3u,http://stream.mcquack.net/100/tracks-v1a1/mono.ts.m3u8?ads=1&filter.tracks=v1a1,965,,True
The Wild Wild West,,Series,TheWildWildWest.se,,电影综合,IPTV-Nexus:4,https://dearbulut.github.io/iptv/playlists/category/classic.m3u,https://jmp2.uk/plu-6964bcf9ae33e24d911d7e1c.m3u8,2058,,True
Tolly TV,,Movies,TollyTV.in,,电影综合,IPTV-Nexus:3,https://dearbulut.github.io/iptv/playlists/category/movies.m3u,https://streams2.sofast.tv/v1/master/611d79b11b77e2f571934fd80ca1413453772ac7/13b5735d-52c3-4be0-853d-e0ec0127e708/manifest.m3u8,1273,,True
USA Network,,Movies,USANetwork.us,,电影综合,IPTV-Nexus:3,https://dearbulut.github.io/iptv/playlists/category/movies.m3u,http://190.11.225.124:5000/live/usa_hd/playlist.m3u8,1013,,True
TVS Cipher Network,,Classic,TVSCipherNetwork.us,,电影综合,IPTV-Nexus:4,https://dearbulut.github.io/iptv/playlists/category/classic.m3u,https://rpn.bozztv.com/gusa/gusa-tvsmystery/index.m3u8,1833,,True
Universal Comedy,,Movies,UniversalComedy.us,,电影综合,IPTV-Nexus:3,https://dearbulut.github.io/iptv/playlists/category/movies.m3u,http://bantel-cdn1.iptvperu.tv:1935/btnscrtn/universalcomedy/playlist.m3u8,1202,,True
TVN3,,Classic,TVN3.cl,,电影综合,IPTV-Nexus:4,https://dearbulut.github.io/iptv/playlists/category/classic.m3u,https://mdstrm.com/live-stream-playlist/5653641561b4eba30a7e4929.m3u8,1204,,True
TVS Hollywood History,,Classic,TVSHollywoodHistory.us,,电影综合,IPTV-Nexus:4,https://dearbulut.github.io/iptv/playlists/category/classic.m3u,https://rpn.bozztv.com/gusa/gusa-tvshollywoohistory/index.m3u8,1941,,True
TVS Mainstreet,,Classic,TVSMainstreet.us,,电影综合,IPTV-Nexus:4,https://dearbulut.github.io/iptv/playlists/category/classic.m3u,https://rpn.bozztv.com/gusa/gusa-tvsmainst/index.m3u8,1910,,True
TVCARiB Cinema,,Movies,TVCARiBCinema.sx,,电影综合,IPTV-Nexus:3,https://dearbulut.github.io/iptv/playlists/category/movies.m3u,https://cdn.mycloudstream.io/hls/live/broadcast/l3vslw4i/index.m3u8,1989,,True
TVS Drive In Movie,,Movies,TVSDriveInMovie.us,,电影综合,IPTV-Nexus:3,https://dearbulut.github.io/iptv/playlists/category/movies.m3u,https://rpn.bozztv.com/gusa/gusa-tvsdriveinmovie/index.m3u8,2049,,True
TVS Pet Parade Network,,Classic,TVSPetParadeNetwork.us,,电影综合,IPTV-Nexus:4,https://dearbulut.github.io/iptv/playlists/category/classic.m3u,https://rpn.bozztv.com/gusa/gusa-petparadenetwork/index.m3u8,2037,,True
TVS Talk Network,,Classic,TVSTalkNetwork.us,,电影综合,IPTV-Nexus:4,https://dearbulut.github.io/iptv/playlists/category/classic.m3u,https://rpn.bozztv.com/gusa/gusa-TVStalk/index.m3u8,2001,,True
TVS Quiz Show Network,,Classic,TVSQuizShowNetwork.us,,电影综合,IPTV-Nexus:4,https://dearbulut.github.io/iptv/playlists/category/classic.m3u,https://rpn.bozztv.com/gusa/gusa-tvsgameshow/index.m3u8,2162,,True
TV Land Drama,,Movies,TVLandDrama.us,,电影综合,IPTV-Nexus:3,https://dearbulut.github.io/iptv/playlists/category/movies.m3u,https://jmp2.uk/plu-5d40bebc5e3d2750a2239d7e.m3u8,2480,,True
Vevo Retro Rock,,US,VevoRetroRock.us,,电影综合,iptv-org,,https://d2hdqrshyzxswl.cloudfront.net/Vevo_Retro_Rock.m3u8,857,,True
TVS Tally Ho,,Classic,TVSTallyHo.us,,电影综合,IPTV-Nexus:4,https://dearbulut.github.io/iptv/playlists/category/classic.m3u,https://rpn.bozztv.com/gusa/gusa-tvstallyho/index.m3u8,2068,,True
TVS Tavern,,Classic,TVSTavern.us,,电影综合,IPTV-Nexus:4,https://dearbulut.github.io/iptv/playlists/category/classic.m3u,https://rpn.bozztv.com/gusa/gusa-tavern/index.m3u8,2008,,True
TVS Retro,,Classic,TVSRetro.gt,,电影综合,IPTV-Nexus:4,https://dearbulut.github.io/iptv/playlists/category/classic.m3u,https://cdn.streamhispanatv.net:3531/live/tvsretrogtlive.m3u8,1894,,True
Vantage Classic,,EE,VantageClassic.ee,,电影综合,iptv-org,,https://cdn-backup.lulzy.eu/vclassic_stream/index.m3u8,1977,,True
TVS Western Movie,,Classic,TVSWesternMovie.us,,电影综合,IPTV-Nexus:4,https://dearbulut.github.io/iptv/playlists/category/classic.m3u,https://rpn.bozztv.com/gusa/gusa-tvswesternmovies/index.m3u8,2061,,True
Wanted: Dead or Alive,,Classic,WantedDeadorAlive.us,,电影综合,IPTV-Nexus:4,https://dearbulut.github.io/iptv/playlists/category/classic.m3u,https://aegis-cloudfront-1.tubi.video/d5171dc7-f8c6-469c-81eb-e1ffaaed5721/playlist.m3u8,867,,True
Zee Action,Action Cinema,IN,ZeeAction.in,,电影综合,iptv-org,,http://107.167.16.138/zeeaction/index.m3u8?token=test,828,,True
Westerns 4U,,Classic,Westerns4U.us,,电影综合,IPTV-Nexus:4,https://dearbulut.github.io/iptv/playlists/category/classic.m3u,http://181.224.255.210:8001/play/a0rq/index.m3u8,863,,True
Watch it Scream!,,Movies,WatchitScream.us,,电影综合,IPTV-Nexus:3,https://dearbulut.github.io/iptv/playlists/category/movies.m3u,https://stream-us-east-1.getpublica.com/playlist.m3u8?network_id=2246,1207,,True
Zee Cinema,,Movies,ZeeCinema.in,,电影综合,IPTV-Nexus:3,https://dearbulut.github.io/iptv/playlists/category/movies.m3u,https://d1g8wgjurz8via.cloudfront.net/bpk-tv/NGCHD/default/NGCHD.m3u8,974,,True
V Classic TV,,CL,VClassicTV.cl,,电影综合,iptv-org,,https://5eaccbab48461.streamlock.net:1936/8112/8112/playlist.m3u8,2203,,True
Zee Classic,,Classic,ZeeClassic.in,,电影综合,IPTV-Nexus:4,https://dearbulut.github.io/iptv/playlists/category/classic.m3u,http://107.167.16.138/zeeclassic/index.m3u8?token=test,761,,True
Yes Movies Action,,Movies,YesMoviesAction.il,,电影综合,IPTV-Nexus:3,https://dearbulut.github.io/iptv/playlists/category/movies.m3u,http://stream.mcquack.net/380/index.m3u8,1100,,True
Viasat Explore Classic,,PL,ViasatExploreClassic.pl,,电影综合,iptv-org,,https://da9c49fa.wurl.com/master/f36d25e7e52f1ba8d7e56eb859c636563214f541/UmFrdXRlblRWLXBsX1ZpYXNhdEV4cGxvcmVfSExT/playlist.m3u8,1308,,True
Wu Tang Collection,,Movies,WuTangCollection.us,,电影综合,IPTV-Nexus:3,https://dearbulut.github.io/iptv/playlists/category/movies.m3u,https://dbrb49pjoymg4.cloudfront.net/10001/99991745/hls/master.m3u8?ads.xumo_channelId=99991745,1277,,True
Whiplash Cinema,,Movies,WhiplashCinema.us,,电影综合,IPTV-Nexus:3,https://dearbulut.github.io/iptv/playlists/category/movies.m3u,https://cdn.whiplash.cc/whiplash-cinema/index.m3u8,1488,,True
Zee Cinema,,IN,ZeeCinema.in,,电影综合,iptv-org,,https://raw.githubusercontent.com/amazeyourself/adaptive-streams/refs/heads/main/streams/sg/YuppTV/ZeeCinemaAPAC.m3u8,998,,True
Zee Talkies,,Movies,ZeeTalkies.in,,电影综合,IPTV-Nexus:3,https://dearbulut.github.io/iptv/playlists/category/movies.m3u,http://107.167.16.138/zeetalkies/index.m3u8?token=test,811,,True
Viafree Movies,,Movies,ViafreeMovies.se,,电影综合,IPTV-Nexus:3,https://dearbulut.github.io/iptv/playlists/category/movies.m3u,https://jmp2.uk/plu-62beb44e3afd120007915d1b.m3u8,2042,,True
Xtrema Terror,,Movies,XtremaTerror.ar,,电影综合,IPTV-Nexus:3,https://dearbulut.github.io/iptv/playlists/category/movies.m3u,https://stmv6.voxtvhd.com.br/cineterror/cineterror/playlist.m3u8,1488,,True
Viafree Movies,,SE,ViafreeMovies.se,,电影综合,iptv-org,,https://jmp2.uk/plu-62f64ec9eb1045000728cad6.m3u8,2476,,True
Viafree Movies,,SE,ViafreeMovies.se,,电影综合,iptv-org,,https://jmp2.uk/plu-62bebc3459624e00078209c3.m3u8,2272,,True
Pluto TV Comedy,,VOD Movies (EN),,,电影综合,Free-TV,,http://service-stitcher.clusters.pluto.tv/stitch/hls/channel/5a4d3a00ad95e4718ae8d8db/master.m3u8?terminate=false&deviceType=web&deviceMake=web&deviceModel=web&sid=57&deviceId=5a4d3a00ad95e4718ae8d8db&deviceVersion=DNT&appVersion=DNT&deviceDNT=0&userId=&advertisingId=&deviceLat=&deviceLon=&app_name=&appName=web&buildVersion=&appStoreUrl=&architecture=&includeExtendedEvents=false&marketingRegion=US&serverSideAds=false,592,,True
Pluto TV Spotlight,,VOD Movies (EN),,,电影综合,Free-TV,,http://service-stitcher.clusters.pluto.tv/stitch/hls/channel/5ba3fb9c4b078e0f37ad34e8/master.m3u8?terminate=false&deviceType=web&deviceMake=web&deviceModel=web&sid=51&deviceId=5ba3fb9c4b078e0f37ad34e8&deviceVersion=DNT&appVersion=DNT&deviceDNT=0&userId=&advertisingId=&deviceLat=&deviceLon=&app_name=&appName=web&buildVersion=&appStoreUrl=&architecture=&includeExtendedEvents=false&marketingRegion=US&serverSideAds=false,807,,True
XITE Classic Country,,NL,XITEClassicCountry.nl,,电影综合,iptv-org,,https://jmp2.uk/plu-623b92a2ccefed0007b1db48.m3u8,2451,,True
Pluto TV Action,,VOD Movies (EN),,,电影综合,Free-TV,,http://service-stitcher.clusters.pluto.tv/stitch/hls/channel/561d7d484dc7c8770484914a/master.m3u8?terminate=false&deviceType=web&deviceMake=web&deviceModel=web&sid=54&deviceId=561d7d484dc7c8770484914a&deviceVersion=DNT&appVersion=DNT&deviceDNT=0&userId=&advertisingId=&deviceLat=&deviceLon=&app_name=&appName=web&buildVersion=&appStoreUrl=&architecture=&includeExtendedEvents=false&marketingRegion=US&serverSideAds=false,767,,True
Western TV,,Classic,WesternTV.us,,电影综合,IPTV-Nexus:4,https://dearbulut.github.io/iptv/playlists/category/classic.m3u,https://jmp2.uk/plu-5e8df4bc16e34700077e77d3.m3u8,2565,,True
Pluto TV Drama,,VOD Movies (EN),,,电影综合,Free-TV,,http://service-stitcher.clusters.pluto.tv/stitch/hls/channel/5b4e92e4694c027be6ecece1/master.m3u8?terminate=false&deviceType=web&deviceMake=web&deviceModel=web&sid=60&deviceId=5b4e92e4694c027be6ecece1&deviceVersion=DNT&appVersion=DNT&deviceDNT=0&userId=&advertisingId=&deviceLat=&deviceLon=&app_name=&appName=web&buildVersion=&appStoreUrl=&architecture=&includeExtendedEvents=false&marketingRegion=US&serverSideAds=false,582,,True
Pluto TV Romance,,VOD Movies (EN),,,电影综合,Free-TV,,http://service-stitcher.clusters.pluto.tv/stitch/hls/channel/5a66795ef91fef2c7031c599/master.m3u8?terminate=false&deviceType=web&deviceMake=web&deviceModel=web&sid=70&deviceId=5a66795ef91fef2c7031c599&deviceVersion=DNT&appVersion=DNT&deviceDNT=0&userId=&advertisingId=&deviceLat=&deviceLon=&app_name=&appName=web&buildVersion=&appStoreUrl=&architecture=&includeExtendedEvents=false&marketingRegion=US&serverSideAds=false,681,,True
Pluto TV Fantastic,,VOD Movies (EN),,,电影综合,Free-TV,,http://service-stitcher.clusters.pluto.tv/stitch/hls/channel/5b64a245a202b3337f09e51d/master.m3u8?terminate=false&deviceType=web&deviceMake=web&deviceModel=web&sid=66&deviceId=5b64a245a202b3337f09e51d&deviceVersion=DNT&appVersion=DNT&deviceDNT=0&userId=&advertisingId=&deviceLat=&deviceLon=&app_name=&appName=web&buildVersion=&appStoreUrl=&architecture=&includeExtendedEvents=false&marketingRegion=US&serverSideAds=false,863,,True
Pluto TV Thrillers,,VOD Movies (EN),,,电影综合,Free-TV,,http://service-stitcher.clusters.pluto.tv/stitch/hls/channel/5b4e69e08291147bd04a9fd7/master.m3u8?terminate=false&deviceType=web&deviceMake=web&deviceModel=web&sid=74&deviceId=5b4e69e08291147bd04a9fd7&deviceVersion=DNT&appVersion=DNT&deviceDNT=0&userId=&advertisingId=&deviceLat=&deviceLon=&app_name=&appName=web&buildVersion=&appStoreUrl=&architecture=&includeExtendedEvents=false&marketingRegion=US&serverSideAds=false,653,,True
Black Cinema,,VOD Movies (EN),,,电影综合,Free-TV,,http://service-stitcher.clusters.pluto.tv/stitch/hls/channel/58af4c093a41ca9d4ecabe96/master.m3u8?terminate=false&deviceType=web&deviceMake=web&deviceModel=web&sid=80&deviceId=58af4c093a41ca9d4ecabe96&deviceVersion=DNT&appVersion=DNT&deviceDNT=0&userId=&advertisingId=&deviceLat=&deviceLon=&app_name=&appName=web&buildVersion=&appStoreUrl=&architecture=&includeExtendedEvents=false&marketingRegion=US&serverSideAds=false,562,,True
iFilm Arabic,,Iran,iFilmArabic.ir,,电影综合,Free-TV,,https://live.presstv.co.uk/hls/ifilmar.m3u8,1654,,True
Pluto TV Staff Picks,,VOD Movies (EN),,,电影综合,Free-TV,,http://service-stitcher.clusters.pluto.tv/stitch/hls/channel/5f4d863b98b41000076cd061/master.m3u8?terminate=false&deviceType=web&deviceMake=web&deviceModel=web&sid=90&deviceId=5f4d863b98b41000076cd061&deviceVersion=DNT&appVersion=DNT&deviceDNT=0&userId=&advertisingId=&deviceLat=&deviceLon=&app_name=&appName=web&buildVersion=&appStoreUrl=&architecture=&includeExtendedEvents=false&marketingRegion=US&serverSideAds=false,547,,True
iFilm,,Iran,iFilmPersian.ir,,电影综合,Free-TV,,https://live.presstv.co.uk/hls/ifilmfa.m3u8,1738,,True
Viasat Serial,,Movies,ViasatSerial.ua,,电影综合,IPTV-Nexus:3,https://dearbulut.github.io/iptv/playlists/category/movies.m3u,http://777905.live.tvstitch.com/playlist.m3u8?source=aHR0cDovLzE3Ni4xMjIuMTAzLjI0MTo3MDAwL2NoNDUvdHJhY2tzLXYyYTEvbW9uby5tM3U4P2xpdmU9MSZpcD0xNzguMTM2LjQyLjIyMCZpZD05NDg4NjUmc2VjcmV0PW4xdTd1aTA2JnNzbD0xJjIxeW89MCZlPTE3OTA2MDExNzAmc3Q9VS12czVHQmhOdF9WQXJ4bHVYVzR2dw%3D%3D&master=599,1925,,True
iFilm 2,,Iran,iFilm2.ir,,电影综合,Free-TV,,https://live.presstv.co.uk/hls/ifilm2.m3u8,1675,,True
iFilm English,,Iran,iFilmEnglish.ir,,电影综合,Free-TV,,https://live.presstv.co.uk/hls/ifilmen.m3u8,1635,,True
Tamasha,,Movies,Tamasha.ir,,电影综合,IPTV-Nexus:3,https://dearbulut.github.io/iptv/playlists/category/movies.m3u,https://ncdn.telewebion.ir/hdtest/live/playlist.m3u8,5393,,True
Pluto TV Terror,,VOD Movies (EN),,,电影综合,Free-TV,,http://service-stitcher.clusters.pluto.tv/stitch/hls/channel/5c6dc88fcd232425a6e0f06e/master.m3u8?terminate=false&deviceType=web&deviceMake=web&deviceModel=web&sid=76&deviceId=5c6dc88fcd232425a6e0f06e&deviceVersion=DNT&appVersion=DNT&deviceDNT=0&userId=&advertisingId=&deviceLat=&deviceLon=&app_name=&appName=web&buildVersion=&appStoreUrl=&architecture=&includeExtendedEvents=false&marketingRegion=US&serverSideAds=false,687,,True
Rai Movie,,Italy,RaiMovie.it,,电影综合,Free-TV,,https://mediapolis.rai.it/relinker/relinkerServlet.htm?cont=747002&output=7&forceUserAgent=rainet/4.0.5,2756,,True
CHC电影,,电影频道,CHC电影,,电影综合,iptv2025_ipv4_m3u,,http://183.237.95.108:9901/tsfile/live/1008_1.m3u8?key=txiptv&playlive=0&authid=0,150,,True
Pluto TV Documentaries,,VOD Movies (EN),,,电影综合,Free-TV,,http://service-stitcher.clusters.pluto.tv/stitch/hls/channel/5b85a7582921777994caea63/master.m3u8?terminate=false&deviceType=web&deviceMake=web&deviceModel=web&sid=91&deviceId=5b85a7582921777994caea63&deviceVersion=DNT&appVersion=DNT&deviceDNT=0&userId=&advertisingId=&deviceLat=&deviceLon=&app_name=&appName=web&buildVersion=&appStoreUrl=&architecture=&includeExtendedEvents=false&marketingRegion=US&serverSideAds=false,681,,True
Pluto TV Horror,,VOD Movies (EN),,,电影综合,Free-TV,,http://service-stitcher.clusters.pluto.tv/stitch/hls/channel/569546031a619b8f07ce6e25/master.m3u8?terminate=false&deviceType=web&deviceMake=web&deviceModel=web&sid=75&deviceId=569546031a619b8f07ce6e25&deviceVersion=DNT&appVersion=DNT&deviceDNT=0&userId=&advertisingId=&deviceLat=&deviceLon=&app_name=&appName=web&buildVersion=&appStoreUrl=&architecture=&includeExtendedEvents=false&marketingRegion=US&serverSideAds=false,564,,True
90s Throwback,,VOD Movies (EN),,,电影综合,Free-TV,,http://service-stitcher.clusters.pluto.tv/stitch/hls/channel/5f4d86f519358a00072b978e/master.m3u8?terminate=false&deviceType=web&deviceMake=web&deviceModel=web&sid=94&deviceId=5f4d86f519358a00072b978e&deviceVersion=DNT&appVersion=DNT&deviceDNT=0&userId=&advertisingId=&deviceLat=&deviceLon=&app_name=&appName=web&buildVersion=&appStoreUrl=&architecture=&includeExtendedEvents=false&marketingRegion=US&serverSideAds=false,567,,True
70s Cinema,,VOD Movies (EN),,,电影综合,Free-TV,,http://service-stitcher.clusters.pluto.tv/stitch/hls/channel/5f4d878d3d19b30007d2e782/master.m3u8?terminate=false&deviceType=web&deviceMake=web&deviceModel=web&sid=96&deviceId=5f4d878d3d19b30007d2e782&deviceVersion=DNT&appVersion=DNT&deviceDNT=0&userId=&advertisingId=&deviceLat=&deviceLon=&app_name=&appName=web&buildVersion=&appStoreUrl=&architecture=&includeExtendedEvents=false&marketingRegion=US&serverSideAds=false,538,,True
东阳影视生活,,电影频道,东阳影视生活,,电影综合,iptv2025_ipv4_m3u,,http://l.cztvcloud.com/channels/lantian/SXdongyang1/720p.m3u8,98,,True
The Asylum,,VOD Movies (EN),,,电影综合,Free-TV,,http://service-stitcher.clusters.pluto.tv/stitch/hls/channel/591105034c1806b47438342c/master.m3u8?terminate=false&deviceType=web&deviceMake=web&deviceModel=web&sid=115&deviceId=591105034c1806b47438342c&deviceVersion=DNT&appVersion=DNT&deviceDNT=0&userId=&advertisingId=&deviceLat=&deviceLon=&app_name=&appName=web&buildVersion=&appStoreUrl=&architecture=&includeExtendedEvents=false&marketingRegion=US&serverSideAds=false,515,,True
Paramount Movie Channel,,VOD Movies (EN),,,电影综合,Free-TV,,http://service-stitcher.clusters.pluto.tv/stitch/hls/channel/5cb0cae7a461406ffe3f5213/master.m3u8?terminate=false&deviceType=web&deviceMake=web&deviceModel=web&sid=100&deviceId=5cb0cae7a461406ffe3f5213&deviceVersion=DNT&appVersion=DNT&deviceDNT=0&userId=&advertisingId=&deviceLat=&deviceLon=&app_name=&appName=web&buildVersion=&appStoreUrl=&architecture=&includeExtendedEvents=false&marketingRegion=US&serverSideAds=false,682,,True
Flicks of Fury,,VOD Movies (EN),,,电影综合,Free-TV,,http://service-stitcher.clusters.pluto.tv/stitch/hls/channel/58e55b14ad8e9c364d55f717/master.m3u8?terminate=false&deviceType=web&deviceMake=web&deviceModel=web&sid=112&deviceId=58e55b14ad8e9c364d55f717&deviceVersion=DNT&appVersion=DNT&deviceDNT=0&userId=&advertisingId=&deviceLat=&deviceLon=&app_name=&appName=web&buildVersion=&appStoreUrl=&architecture=&includeExtendedEvents=false&marketingRegion=US&serverSideAds=false,678,,True
倩女幽魂人间道,,电影频道,倩女幽魂人间道,,电影综合,iptv2025_ipv4_m3u,,http://jsmov2.a.yximgs.com/bs3/video-hls/5250634317044855747_hlsb.m3u8,93,,True
Pluto TV Cult Films,,VOD Movies (EN),,,电影综合,Free-TV,,http://service-stitcher.clusters.pluto.tv/stitch/hls/channel/5c665db3e6c01b72c4977bc2/master.m3u8?terminate=false&deviceType=web&deviceMake=web&deviceModel=web&sid=109&deviceId=5c665db3e6c01b72c4977bc2&deviceVersion=DNT&appVersion=DNT&deviceDNT=0&userId=&advertisingId=&deviceLat=&deviceLon=&app_name=&appName=web&buildVersion=&appStoreUrl=&architecture=&includeExtendedEvents=false&marketingRegion=US&serverSideAds=false,553,,True
倩女幽魂妖魔道,,电影频道,倩女幽魂妖魔道,,电影综合,iptv2025_ipv4_m3u,,http://jsmov2.a.yximgs.com/bs3/video-hls/5232901391302199073_hlsb.m3u8,52,,True
倩女幽魂道道道,,电影频道,倩女幽魂道道道,,电影综合,iptv2025_ipv4_m3u,,http://jsmov2.a.yximgs.com/bs3/video-hls/5216294367991385255_hlsb.m3u8,51,,True
WOWOWシネマ,,日本 / Japan,WOWOWCinema.jp,,电影综合,Free-TV,,https://naori-test.netgenx.site/pxx.php?shk_cid=bs08#.m3u8,1707,,True
南宁影视娱乐,,电影频道,南宁影视娱乐,,电影综合,iptv2025_ipv4_m3u,,http://hls.nntv.cn/nnlive/YSYL_244.m3u8,42,,True
Pluto TV Westerns,,VOD Movies (EN),,,电影综合,Free-TV,,http://service-stitcher.clusters.pluto.tv/stitch/hls/channel/5b4e94282d4ec87bdcbb87cd/master.m3u8?terminate=false&deviceType=web&deviceMake=web&deviceModel=web&sid=103&deviceId=5b4e94282d4ec87bdcbb87cd&deviceVersion=DNT&appVersion=DNT&deviceDNT=0&userId=&advertisingId=&deviceLat=&deviceLon=&app_name=&appName=web&buildVersion=&appStoreUrl=&architecture=&includeExtendedEvents=false&marketingRegion=US&serverSideAds=false,522,,True
Pluto TV Crime Movies,,VOD Movies (EN),,,电影综合,Free-TV,,http://service-stitcher.clusters.pluto.tv/stitch/hls/channel/5f4d8594eb979c0007706de7/master.m3u8?terminate=false&deviceType=web&deviceMake=web&deviceModel=web&sid=73&deviceId=5f4d8594eb979c0007706de7&deviceVersion=DNT&appVersion=DNT&deviceDNT=0&userId=&advertisingId=&deviceLat=&deviceLon=&app_name=&appName=web&buildVersion=&appStoreUrl=&architecture=&includeExtendedEvents=false&marketingRegion=US&serverSideAds=false,2139,,True
Film Thriller – Pluto TV,,VOD Italy,PlutoTVFilmThrillerItaly.it,,电影综合,Free-TV,,https://service-stitcher.clusters.pluto.tv/v1/stitch/embed/hls/channel/608aa5e995132a00075f7005/master.m3u8?deviceId=channel&deviceModel=web&deviceVersion=1.0&appVersion=1.0&deviceType=rokuChannel&deviceMake=rokuChannel&deviceDNT=1&advertisingId=channel&embedPartner=rokuChannel&appName=rokuchannel&is_lat=1&bmodel=bm1&content=channel&platform=web&tags=ROKU_CONTENT_TAGS&coppa=false&content_type=livefeed&rdid=channel&genre=ROKU_ADS_CONTENT_GENRE&content_rating=ROKU_ADS_CONTENT_RATING&studio_id=viacom&channel_id=channel,1212,,True
哈尔滨影视,,电影频道,哈尔滨影视,,电影综合,iptv2025_ipv4_m3u,,http://stream.hrbtv.net/yspd/sd/live.m3u8?zheild,103,,True
80s Rewind,,VOD Movies (EN),,,电影综合,Free-TV,,http://service-stitcher.clusters.pluto.tv/stitch/hls/channel/5ca525b650be2571e3943c63/master.m3u8?terminate=false&deviceType=web&deviceMake=web&deviceModel=web&sid=95&deviceId=5ca525b650be2571e3943c63&deviceVersion=DNT&appVersion=DNT&deviceDNT=0&userId=&advertisingId=&deviceLat=&deviceLon=&app_name=&appName=web&buildVersion=&appStoreUrl=&architecture=&includeExtendedEvents=false&marketingRegion=US&serverSideAds=false,1660,,True
刑事侦缉档案,,电影频道,刑事侦缉档案,,电影综合,iptv2025_ipv4_m3u,,https://live.metshop.top/huya/29465856,1131,,True
周星驰电影,,电影频道,周星驰电影,,电影综合,iptv2025_ipv4_m3u,,https://live.metshop.top/huya/11342412,1199,,True
刘德华电影,,电影频道,刘德华电影,,电影综合,iptv2025_ipv4_m3u,,https://live.metshop.top/huya/11342424,1310,,True
创世纪,,电影频道,创世纪,,电影综合,iptv2025_ipv4_m3u,,https://live.metshop.top/huya/29465852,1448,,True
古天乐电影,,电影频道,古天乐电影,,电影综合,iptv2025_ipv4_m3u,,https://live.metshop.top/huya/29982675,1510,,True
妙手仁心,,电影频道,妙手仁心,,电影综合,iptv2025_ipv4_m3u,,https://live.metshop.top/huya/29465853,1354,,True
Film – Pluto TV,,VOD Italy,PlutoTVFilmItaly.it,,电影综合,Free-TV,,https://service-stitcher.clusters.pluto.tv/v1/stitch/embed/hls/channel/608aa17fb9f4490007e6419a/master.m3u8?deviceId=channel&deviceModel=web&deviceVersion=1.0&appVersion=1.0&deviceType=rokuChannel&deviceMake=rokuChannel&deviceDNT=1&advertisingId=channel&embedPartner=rokuChannel&appName=rokuchannel&is_lat=1&bmodel=bm1&content=channel&platform=web&tags=ROKU_CONTENT_TAGS&coppa=false&content_type=livefeed&rdid=channel&genre=ROKU_ADS_CONTENT_GENRE&content_rating=ROKU_ADS_CONTENT_RATING&studio_id=viacom&channel_id=channel,1078,,True
大唐双龙传,,电影频道,大唐双龙传,,电影综合,iptv2025_ipv4_m3u,,https://live.metshop.top/huya/29465850,1466,,True
宇宙科幻合集,,电影频道,宇宙科幻合集,,电影综合,iptv2025_ipv4_m3u,,https://live.metshop.top/huya/11342428,1279,,True
倚天屠龙记,,电影频道,倚天屠龙记,,电影综合,iptv2025_ipv4_m3u,,https://live.metshop.top/huya/23734246,2286,,True
封神榜,,电影频道,封神榜,,电影综合,iptv2025_ipv4_m3u,,https://live.metshop.top/huya/29465849,1194,,True
Horror – Pluto TV,,VOD Italy,,,电影综合,Free-TV,,https://service-stitcher.clusters.pluto.tv/v1/stitch/embed/hls/channel/61c09e3ac210ed0007606620/master.m3u8?deviceId=channel&deviceModel=web&deviceVersion=1.0&appVersion=1.0&deviceType=rokuChannel&deviceMake=rokuChannel&deviceDNT=1&advertisingId=channel&embedPartner=rokuChannel&appName=rokuchannel&is_lat=1&bmodel=bm1&content=channel&platform=web&tags=ROKU_CONTENT_TAGS&coppa=false&content_type=livefeed&rdid=channel&genre=ROKU_ADS_CONTENT_GENRE&content_rating=ROKU_ADS_CONTENT_RATING&studio_id=viacom&channel_id=channel,1327,,True
强森电影,,电影频道,强森电影,,电影综合,iptv2025_ipv4_m3u,,https://live.metshop.top/huya/21059581,1093,,True
靖天映画,,电影频道,靖天映画,,电影综合,iptv2025_ipv4_m3u,,http://31.43.191.125:8080/vip6821768502490/6c17bae55394/34838,2954,,True
怪兽电影,,电影频道,怪兽电影,,电影综合,iptv2025_ipv4_m3u,,https://live.metshop.top/huya/21059577,1258,,True
寻秦记,,电影频道,寻秦记,,电影综合,iptv2025_ipv4_m3u,,https://live.metshop.top/huya/29465848,1528,,True
CCTV怀旧剧场,,央视频道,怀旧剧场,,电影综合,iptv2025_ipv4_m3u,,https://live.264788.xyz/channel/huaijiujuchang?streamid=7e5d1abdddde08f588234f3f640f75ff&livekey=01WgOR41rriMmMkzNsd0UoaxJRwetZdxIvtVk,3189,,True
东森洋片,,电影频道,东森洋片台,,电影综合,iptv2025_ipv4_m3u,,http://31.43.191.125:8080/vip6821768502490/6c17bae55394/34904,3125,,True
Film Azione – Pluto TV,,VOD Italy,PlutoTVFilmAzioneItaly.it,,电影综合,Free-TV,,https://service-stitcher.clusters.pluto.tv/v1/stitch/embed/hls/channel/608aa20a2e7f270007c4878d/master.m3u8?deviceId=channel&deviceModel=web&deviceVersion=1.0&appVersion=1.0&deviceType=rokuChannel&deviceMake=rokuChannel&deviceDNT=1&advertisingId=channel&embedPartner=rokuChannel&appName=rokuchannel&is_lat=1&bmodel=bm1&content=channel&platform=web&tags=ROKU_CONTENT_TAGS&coppa=false&content_type=livefeed&rdid=channel&genre=ROKU_ADS_CONTENT_GENRE&content_rating=ROKU_ADS_CONTENT_RATING&studio_id=viacom&channel_id=channel,1363,,True
射雕英雄传,,电影频道,射雕英雄传,,电影综合,iptv2025_ipv4_m3u,,https://live.metshop.top/huya/23824164,1495,,True
大时代,,电影频道,大时代,,电影综合,iptv2025_ipv4_m3u,,https://live.metshop.top/huya/23865161,2439,,True
Cinema Italiano – Pluto TV,,VOD Italy,PlutoTVCinemaItalianoItaly.it,,电影综合,Free-TV,,https://service-stitcher.clusters.pluto.tv/v1/stitch/embed/hls/channel/608aa7d8359b270007861489/master.m3u8?deviceId=channel&deviceModel=web&deviceVersion=1.0&appVersion=1.0&deviceType=rokuChannel&deviceMake=rokuChannel&deviceDNT=1&advertisingId=channel&embedPartner=rokuChannel&appName=rokuchannel&is_lat=1&bmodel=bm1&content=channel&platform=web&tags=ROKU_CONTENT_TAGS&coppa=false&content_type=livefeed&rdid=channel&genre=ROKU_ADS_CONTENT_GENRE&content_rating=ROKU_ADS_CONTENT_RATING&studio_id=viacom&channel_id=channel,1231,,True
扫黄先锋,,电影频道,扫黄先锋,,电影综合,iptv2025_ipv4_m3u,,https://live.metshop.top/huya/29465855,1300,,True
无心法师,,电影频道,无心法师,,电影综合,iptv2025_ipv4_m3u,,https://live.metshop.top/huya/30080233,1227,,True
成龙电影,,电影频道,成龙电影,,电影综合,iptv2025_ipv4_m3u,,https://live.metshop.top/huya/11342386,1720,,True
战争电影,,电影频道,战争电影,,电影综合,iptv2025_ipv4_m3u,,https://live.metshop.top/huya/21059574,1600,,True
Film Romantici – Pluto TV,,VOD Italy,PlutoTVFilmRomanticiItaly.it,,电影综合,Free-TV,,https://service-stitcher.clusters.pluto.tv/v1/stitch/embed/hls/channel/608aa4a4cc92820007b663af/master.m3u8?deviceId=channel&deviceModel=web&deviceVersion=1.0&appVersion=1.0&deviceType=rokuChannel&deviceMake=rokuChannel&deviceDNT=1&advertisingId=channel&embedPartner=rokuChannel&appName=rokuchannel&is_lat=1&bmodel=bm1&content=channel&platform=web&tags=ROKU_CONTENT_TAGS&coppa=false&content_type=livefeed&rdid=channel&genre=ROKU_ADS_CONTENT_GENRE&content_rating=ROKU_ADS_CONTENT_RATING&studio_id=viacom&channel_id=channel,1120,,True
李连杰电影,,电影频道,李连杰电影,,电影综合,iptv2025_ipv4_m3u,,https://live.metshop.top/huya/11342390,1358,,True
林正英电影,,电影频道,林正英电影,,电影综合,iptv2025_ipv4_m3u,,https://live.metshop.top/huya/11342421,1266,,True
枪战电影,,电影频道,枪战电影,,电影综合,iptv2025_ipv4_m3u,,https://live.metshop.top/huya/21059579,1367,,True
Film Classici – Pluto TV,,VOD Italy,PlutoTVFilmClassiciItaly.it,,电影综合,Free-TV,,https://service-stitcher.clusters.pluto.tv/v1/stitch/embed/hls/channel/608aa3c446d73500075f0e24/master.m3u8?deviceId=channel&deviceModel=web&deviceVersion=1.0&appVersion=1.0&deviceType=rokuChannel&deviceMake=rokuChannel&deviceDNT=1&advertisingId=channel&embedPartner=rokuChannel&appName=rokuchannel&is_lat=1&bmodel=bm1&content=channel&platform=web&tags=ROKU_CONTENT_TAGS&coppa=false&content_type=livefeed&rdid=channel&genre=ROKU_ADS_CONTENT_GENRE&content_rating=ROKU_ADS_CONTENT_RATING&studio_id=viacom&channel_id=channel,1333,,True
浙江教科影视,,电影频道,2,,电影综合,iptv2025_ipv4_m3u,,http://ali-vl.cztv.com/channels/lantian/channel004/360p.m3u8,223,,True
楚汉骄雄,,电影频道,楚汉骄雄,,电影综合,iptv2025_ipv4_m3u,,https://live.metshop.top/huya/29465854,1353,,True
沈腾电影,,电影频道,沈腾电影,,电影综合,iptv2025_ipv4_m3u,,https://live.metshop.top/huya/11601968,1387,,True
洗冤录,,电影频道,洗冤录,,电影综合,iptv2025_ipv4_m3u,,https://live.metshop.top/huya/29465851,1292,,True
Film Commedia – Pluto TV,,VOD Italy,PlutoTVFilmCommediaItaly.it,,电影综合,Free-TV,,https://service-stitcher.clusters.pluto.tv/v1/stitch/embed/hls/channel/608aa512d67fd900072323db/master.m3u8?deviceId=channel&deviceModel=web&deviceVersion=1.0&appVersion=1.0&deviceType=rokuChannel&deviceMake=rokuChannel&deviceDNT=1&advertisingId=channel&embedPartner=rokuChannel&appName=rokuchannel&is_lat=1&bmodel=bm1&content=channel&platform=web&tags=ROKU_CONTENT_TAGS&coppa=false&content_type=livefeed&rdid=channel&genre=ROKU_ADS_CONTENT_GENRE&content_rating=ROKU_ADS_CONTENT_RATING&studio_id=viacom&channel_id=channel,999,,True
王晶电影,,电影频道,王晶电影,,电影综合,iptv2025_ipv4_m3u,,https://live.metshop.top/huya/11602058,1213,,True
甄子丹电影,,电影频道,甄子丹电影,,电影综合,iptv2025_ipv4_m3u,,https://live.metshop.top/huya/11352935,1188,,True
狄仁杰电影,,电影频道,狄仁杰电影,,电影综合,iptv2025_ipv4_m3u,,https://live.metshop.top/huya/30080229,1397,,True
玄幻电影,,电影频道,玄幻电影,,电影综合,iptv2025_ipv4_m3u,,https://live.metshop.top/huya/11342414,1387,,True
法政先锋,,电影频道,法政先锋,,电影综合,iptv2025_ipv4_m3u,,https://live.metshop.top/huya/23863804,1992,,True
电影八点档,,电影频道,1,,电影综合,iptv2025_ipv4_m3u,,http://live.metshop.top/huya/880261?cdn=alicdn,1731,,True
活佛济公3,,电影频道,活佛济公3,,电影综合,iptv2025_ipv4_m3u,,https://live.metshop.top/huya/23903123,2064,,True
电影丧尸片,,电影频道,1,,电影综合,iptv2025_ipv4_m3u,,http://live.metshop.top/huya/21059578?cdn=alicdn,1825,,True
Ultimate Classic Wrestling – Pluto TV,,VOD Italy,,,电影综合,Free-TV,,https://service-stitcher.clusters.pluto.tv/v1/stitch/embed/hls/channel/652516fb7971630008a58e74/master.m3u8?deviceId=channel&deviceModel=web&deviceVersion=1.0&appVersion=1.0&deviceType=rokuChannel&deviceMake=rokuChannel&deviceDNT=1&advertisingId=channel&embedPartner=rokuChannel&appName=rokuchannel&is_lat=1&bmodel=bm1&content=channel&platform=web&tags=ROKU_CONTENT_TAGS&coppa=false&content_type=livefeed&rdid=channel&genre=ROKU_ADS_CONTENT_GENRE&content_rating=ROKU_ADS_CONTENT_RATING&studio_id=viacom&channel_id=channel,1002,,True
电影周星星,,电影频道,1,,电影综合,iptv2025_ipv4_m3u,,http://live.metshop.top/huya/11336587?cdn=alicdn,1757,,True
电影动作电影,,电影频道,1,,电影综合,iptv2025_ipv4_m3u,,http://live.metshop.top/huya/11602077?cdn=alicdn,1845,,True
电影喜剧专场,,电影频道,1,,电影综合,iptv2025_ipv4_m3u,,http://live.metshop.top/huya/11602044?cdn=alicdn,1834,,True
电影刘德华,,电影频道,1,,电影综合,iptv2025_ipv4_m3u,,http://live.metshop.top/huya/11342424?cdn=alicdn,2181,,True
电影功夫片,,电影频道,1,,电影综合,iptv2025_ipv4_m3u,,http://live.metshop.top/huya/11352941?cdn=alicdn,2149,,True
电影战争片,,电影频道,1,,电影综合,iptv2025_ipv4_m3u,,http://live.metshop.top/huya/21059574?cdn=alicdn,1816,,True
电影嫣然影厅,,电影频道,1,,电影综合,iptv2025_ipv4_m3u,,http://live.metshop.top/huya/11601977?cdn=alicdn,1927,,True
电影搞笑喜剧,,电影频道,1,,电影综合,iptv2025_ipv4_m3u,,http://live.metshop.top/huya/11342423?cdn=alicdn,1926,,True
电影梁家辉,,电影频道,1,,电影综合,iptv2025_ipv4_m3u,,http://live.metshop.top/huya/11342429?cdn=alicdn,2027,,True
笑傲江湖,,电影频道,笑傲江湖,,电影综合,iptv2025_ipv4_m3u,,https://live.metshop.top/huya/23865142,1520,,True
电影谍战片,,电影频道,1,,电影综合,iptv2025_ipv4_m3u,,http://live.metshop.top/huya/21059587?cdn=alicdn,1794,,True
Film Drama – Pluto TV,,VOD Italy,PlutoTVFilmDramaItaly.it,,电影综合,Free-TV,,https://service-stitcher.clusters.pluto.tv/v1/stitch/embed/hls/channel/608aa42b5c2b8f0007197529/master.m3u8?deviceId=channel&deviceModel=web&deviceVersion=1.0&appVersion=1.0&deviceType=rokuChannel&deviceMake=rokuChannel&deviceDNT=1&advertisingId=channel&embedPartner=rokuChannel&appName=rokuchannel&is_lat=1&bmodel=bm1&content=channel&platform=web&tags=ROKU_CONTENT_TAGS&coppa=false&content_type=livefeed&rdid=channel&genre=ROKU_ADS_CONTENT_GENRE&content_rating=ROKU_ADS_CONTENT_RATING&studio_id=viacom&channel_id=channel,2041,,True
电影贺岁,,电影频道,1,,电影综合,iptv2025_ipv4_m3u,,http://live.metshop.top/huya/11601971?cdn=alicdn,1793,,True
罪犯电影,,电影频道,罪犯电影,,电影综合,iptv2025_ipv4_m3u,,https://live.metshop.top/huya/11352962,1765,,True
电影蜘蛛侠,,电影频道,1,,电影综合,iptv2025_ipv4_m3u,,http://live.metshop.top/huya/21059599?cdn=alicdn,2343,,True
电影谍战,,电影频道,1,,电影综合,iptv2025_ipv4_m3u,,http://live.metshop.top/huya/21059585?cdn=alicdn,2245,,True
电影犯罪片,,电影频道,1,,电影综合,iptv2025_ipv4_m3u,,http://live.metshop.top/huya/11352974?cdn=alicdn,2525,,True
电影高分动作,,电影频道,1,,电影综合,iptv2025_ipv4_m3u,,http://live.metshop.top/huya/11352884?cdn=alicdn,2056,,True
西游记2,,电影频道,西游记2,,电影综合,iptv2025_ipv4_m3u,,https://live.metshop.top/huya/29465859,1662,,True
贺岁电影,,电影频道,贺岁电影,,电影综合,iptv2025_ipv4_m3u,,https://live.metshop.top/huya/11601986,1573,,True
鉴证实录,,电影频道,鉴证实录,,电影综合,iptv2025_ipv4_m3u,,https://live.metshop.top/huya/23903183,1417,,True
谍战电影,,电影频道,谍战电影,,电影综合,iptv2025_ipv4_m3u,,https://live.metshop.top/huya/21059585,1805,,True
金庸武侠,,电影频道,金庸武侠,,电影综合,iptv2025_ipv4_m3u,,https://live.metshop.top/huya/11342435,1651,,True
陀枪师姐,,电影频道,陀枪师姐,,电影综合,iptv2025_ipv4_m3u,,https://live.metshop.top/huya/29465857,1333,,True
龙门飞甲,,电影频道,龙门飞甲,,电影综合,iptv2025_ipv4_m3u,,http://jsmov2.a.yximgs.com/bs3/video-hls/5203346449046555193_hlsb.m3u8,156,,True
金枝欲孽,,电影频道,金枝欲孽,,电影综合,iptv2025_ipv4_m3u,,https://live.metshop.top/huya/29465847,1636,,True
黄渤电影,,电影频道,黄渤电影,,电影综合,iptv2025_ipv4_m3u,,https://live.metshop.top/huya/11352876,1402,,True
野蛮亲家,,电影频道,野蛮亲家,,电影综合,iptv2025_ipv4_m3u,,https://live.metshop.top/huya/23863796,1891,,True
人在囧途之泰囧,,电影频道,人在囧途之泰囧,,电影综合,iptv2025_ipv4_m3u,,https://vip.ffzy-play.com/20221018/1951_47e1adc8/index.m3u8,2566,,True
龙祥电影,,电影频道,龙祥电影,,电影综合,iptv2025_ipv4_m3u,,http://31.43.191.125:8080/vip6821768502490/6c17bae55394/34825,3083,,True
电影•2「解说」,,•影视「轮播」,,,电影综合,iptvjs_y_g,,https://cdn.ttvb.eu.org/huya/24983280,2565,,True
电影•1「解说」,,•影视「轮播」,,,电影综合,iptvjs_y_g,,https://cdn.ttvb.eu.org/huya/20289754,2781,,True
寒战,,电影频道,寒战,,电影综合,iptv2025_ipv4_m3u,,https://vip.ffzy-play6.com/20221019/157_bf0740ee/index.m3u8,1807,,True
人在囧途,,电影频道,人在囧途,,电影综合,iptv2025_ipv4_m3u,,https://vip.ffzy-play.com/20221018/1953_2d6ba500/index.m3u8,3354,,True
拆弹专家2,,电影频道,拆弹专家2,,电影综合,iptv2025_ipv4_m3u,,https://vip.ffzy-online.com/20221015/722_e32c42bc/index.m3u8,2193,,True
我不是药神,,电影频道,我不是药神,,电影综合,iptv2025_ipv4_m3u,,https://vip.ffzy-play1.com/20221018/478_c3afed66/index.m3u8,2079,,True
人在囧途之港囧,,电影频道,人在囧途之港囧,,电影综合,iptv2025_ipv4_m3u,,https://vip.ffzy-play7.com/20230112/11082_fde1a94d/index.m3u8,2000,,True
Action Hollywood Movies,,VOD Movies (EN),,,电影综合,Free-TV,,https://cdn-apse1-prod.tsv2.amagi.tv/linear/amg01076-lightningintern-actionhollywood-samsungnz/playlist.m3u8,2253,,True
拆弹专家1,,电影频道,拆弹专家1,,电影综合,iptv2025_ipv4_m3u,,https://vip.ffzy-online.com/20221015/719_80ff87c2/index.m3u8,1786,,True
让子弹飞,,电影频道,让子弹飞,,电影综合,iptv2025_ipv4_m3u,,https://vip.ffzy-play7.com/20230116/11563_b9f44814/index.m3u8,1884,,True
韩国电影2,,电影频道,韩国电影2,,电影综合,iptv2025_ipv4_m3u,,https://stream.ads.ottera.tv/playlist.m3u8?network_id=743,1592,,True
Vantage Classic,,EE,VantageClassic.ee,,电影综合,iptv-org,,https://hls.vantagetv.ee/vclassic_stream/index.m3u8,6620,,True
韩国电影1,,电影频道,韩国电影1,,电影综合,iptv2025_ipv4_m3u,,https://stream.ads.ottera.tv/playlist.m3u8?network_id=595,1665,,True
